date,Appliances,lights,T1,RH_1,T2,RH_2,T3,RH_3,T4,RH_4,T5,RH_5,T6,RH_6,T7,RH_7,T8,RH_8,T9,RH_9,T_out,Press_mm_hg,RH_out,Windspeed,Visibility,Tdewpoint,rv1,rv2
2016-01-11 17:00:00,45,0,21.64,40.78,19.95,39.84,21.72,38.94,21.00,38.05,19.32,46.60,7.34,73.10,20.03,35.44,21.85,42.62,19.80,41.61,6.14,753.65,78.10,3.28,42.36,1.76,34.5107,34.5107
2016-01-11 17:10:00,45,0,21.18,40.69,20.26,40.61,22.14,39.57,21.28,38.76,19.53,47.32,7.21,72.97,20.07,36.72,21.85,42.41,19.83,40.46,6.01,757.74,77.97,3.68,35.93,1.61,14.8906,14.8906
2016-01-11 17:20:00,45,0,21.39,39.74,20.03,39.53,22.26,39.80,21.07,38.34,19.64,44.65,7.13,72.62,19.93,36.98,21.88,42.11,20.21,41.69,5.93,752.61,77.62,3.47,41.36,1.45,38.2480,38.2480
2016-01-11 17:30:00,45,0,21.85,40.75,20.09,40.31,21.94,40.33,20.98,38.53,19.35,46.25,7.45,71.17,19.86,36.17,22.04,41.80,19.93,42.00,6.25,753.89,76.17,3.44,37.11,1.49,25.4573,25.4573
2016-01-11 17:40:00,45,0,21.44,39.13,20.13,40.99,22.02,40.44,21.22,38.02,19.63,46.73,7.49,70.58,20.02,35.53,21.88,41.22,20.06,40.91,6.29,752.66,75.58,4.70,42.92,1.40,46.7832,46.7832
2016-01-11 17:50:00,45,0,21.80,39.60,20.28,40.22,21.79,40.03,21.02,39.56,19.52,44.00,8.44,70.81,19.89,35.04,22.06,42.76,20.30,40.62,7.24,755.00,75.81,3.13,44.13,2.40,3.7804,3.7804
2016-01-11 18:00:00,223,30,21.71,50.53,19.98,39.95,22.03,39.03,21.22,38.85,19.33,46.16,8.61,72.91,20.14,35.40,21.69,42.99,20.19,40.88,7.41,752.51,77.91,4.20,35.69,2.99,25.8436,25.8436
2016-01-11 18:10:00,248,30,21.16,50.26,20.04,40.81,22.22,38.64,20.84,39.34,19.33,44.53,8.13,69.84,20.26,36.14,21.78,42.57,20.28,40.38,6.93,755.53,74.84,3.31,37.20,1.90,5.6527,5.6527
2016-01-11 18:20:00,291,30,21.18,49.81,20.10,40.72,21.85,38.88,20.97,38.84,19.37,45.00,8.49,69.74,20.25,35.89,22.02,42.10,19.83,42.00,7.29,756.37,74.74,4.86,44.84,2.24,41.1293,41.1293
2016-01-11 18:30:00,273,30,21.42,49.12,20.13,40.97,21.86,40.07,20.97,38.85,19.77,47.98,9.16,70.65,20.03,36.44,21.59,41.59,20.38,41.16,7.96,753.00,75.65,4.20,37.14,3.09,27.0254,27.0254
2016-01-11 18:40:00,233,30,21.87,49.16,20.01,40.19,22.11,38.97,20.77,39.78,19.35,46.38,8.45,69.00,20.07,35.84,21.85,42.05,20.36,40.41,7.25,755.02,74.00,5.48,36.57,2.05,35.3772,35.3772
2016-01-11 18:50:00,214,30,21.16,49.92,20.50,40.99,21.74,38.93,20.86,39.87,19.73,47.52,8.94,68.76,19.92,35.32,22.00,42.41,20.17,41.97,7.74,753.80,73.76,3.61,42.52,2.49,32.3909,32.3909
2016-01-11 19:00:00,394,30,21.19,49.21,20.23,39.54,25.13,50.91,21.08,38.53,19.49,47.62,9.52,66.70,20.21,35.18,21.75,41.55,19.80,41.54,8.32,755.98,71.70,5.79,36.34,2.66,31.5814,31.5814
2016-01-11 19:10:00,423,30,21.81,50.81,20.23,40.67,24.79,50.75,20.88,39.80,19.68,47.44,9.59,67.15,20.24,35.42,21.65,41.21,20.27,41.77,8.39,754.57,72.15,2.53,35.75,2.82,20.5061,20.5061
2016-01-11 19:20:00,392,30,21.81,49.05,20.34,39.66,25.18,52.23,21.19,38.53,19.67,44.43,9.15,68.12,20.22,36.72,21.63,42.63,20.08,40.61,7.95,757.19,73.12,5.92,43.11,2.57,39.1766,39.1766
2016-01-11 19:30:00,420,30,21.32,50.28,20.14,40.96,25.26,50.73,21.28,38.36,19.78,45.06,9.16,64.64,19.77,35.87,21.94,41.63,20.16,41.02,7.96,753.97,69.64,5.53,44.67,1.89,19.4894,19.4894
2016-01-11 19:40:00,268,30,21.68,50.48,20.30,39.73,22.10,39.16,20.89,39.70,19.63,45.20,9.53,66.19,19.89,35.82,21.74,41.59,19.88,40.84,8.33,752.01,71.19,5.74,40.38,2.56,46.1375,46.1375
2016-01-11 19:50:00,391,30,21.33,49.86,20.25,40.31,24.97,50.93,20.98,39.80,19.68,44.68,10.31,65.33,19.75,36.03,21.88,41.67,20.29,41.50,9.11,753.81,70.33,4.42,35.00,3.17,33.2942,33.2942
2016-01-11 20:00:00,233,30,21.16,49.83,20.28,39.39,22.12,39.49,20.85,39.31,19.20,47.00,9.73,62.49,20.16,35.21,21.76,41.35,20.37,41.04,8.53,753.47,67.49,4.16,43.50,2.03,3.4105,3.4105
2016-01-11 20:10:00,235,30,21.58,50.90,20.43,40.23,22.13,39.51,21.20,39.10,19.74,46.97,10.50,63.77,19.98,35.52,21.65,42.28,20.26,41.04,9.30,756.81,68.77,4.84,44.88,3.05,31.0839,31.0839
2016-01-11 20:20:00,242,30,21.21,49.46,20.32,40.41,21.74,39.32,21.03,38.83,19.32,45.68,9.84,62.65,20.24,36.17,21.92,42.71,20.26,40.76,8.64,753.63,67.65,3.62,40.40,2.17,1.2830,1.2830
2016-01-11 20:30:00,265,30,21.54,50.21,20.03,39.44,21.96,38.56,20.90,39.36,19.44,44.66,10.63,64.51,19.98,35.26,21.87,41.05,20.04,41.13,9.43,757.72,69.51,3.97,42.48,3.33,2.3009,2.3009
2016-01-11 20:40:00,215,30,21.36,50.52,20.13,40.50,22.20,39.00,20.75,38.04,19.52,48.00,10.11,62.56,19.91,36.30,21.97,42.30,20.25,41.90,8.91,752.30,67.56,3.83,37.12,2.42,10.5693,10.5693
2016-01-11 20:50:00,264,30,21.66,50.53,20.00,40.21,22.15,38.73,21.19,39.93,19.26,44.10,10.23,60.85,19.89,36.35,22.07,41.79,20.23,40.15,9.03,756.02,65.85,4.47,37.18,2.20,34.1495,34.1495
2016-01-11 21:00:00,235,30,21.89,40.57,20.11,39.86,21.92,39.51,20.90,39.70,19.69,44.42,10.27,63.10,20.28,36.27,22.00,42.41,20.06,41.47,9.07,757.10,68.10,4.60,36.21,2.69,47.3427,47.3427
2016-01-11 21:10:00,236,30,21.31,40.70,20.40,39.17,22.23,38.99,20.98,39.22,19.43,44.11,11.06,61.85,20.21,35.36,21.63,42.60,20.00,41.76,9.86,754.90,66.85,4.02,42.31,3.23,34.6568,34.6568
2016-01-11 21:20:00,234,30,21.71,40.38,20.29,39.98,22.18,38.69,20.83,39.38,19.38,46.33,10.34,63.20,19.98,36.06,21.76,42.49,20.00,41.41,9.14,752.51,68.20,5.02,39.89,2.77,14.0040,14.0040
2016-01-11 21:30:00,224,30,21.25,39.43,20.19,40.45,22.29,39.55,20.87,38.20,19.32,44.91,10.52,59.91,19.81,35.03,21.82,41.55,20.38,41.11,9.32,752.72,64.91,4.38,42.62,2.30,34.4760,34.4760
2016-01-11 21:40:00,277,30,21.45,39.37,19.93,40.88,21.99,40.14,20.94,38.15,19.58,44.21,11.33,60.87,19.79,36.13,21.68,42.99,19.87,41.53,10.13,757.24,65.87,4.51,39.69,3.30,30.1032,30.1032
2016-01-11 21:50:00,270,30,21.89,39.61,20.27,40.22,22.14,40.40,20.82,38.42,19.60,44.63,10.74,60.78,19.80,35.15,21.50,41.90,20.16,40.58,9.54,754.70,65.78,4.05,43.60,2.70,12.1109,12.1109
2016-01-11 22:00:00,45,0,21.60,40.32,20.46,39.85,22.03,39.80,21.25,39.65,19.24,44.66,11.27,60.33,19.88,36.50,21.84,41.58,19.87,41.38,10.07,756.12,65.33,5.73,42.88,3.13,34.5872,34.5872
2016-01-11 22:10:00,45,0,21.45,39.64,20.05,39.18,22.28,40.17,21.05,39.90,19.80,46.69,11.55,60.36,19.86,35.08,21.95,41.94,20.19,41.83,10.35,754.96,65.36,2.78,35.40,3.42,9.7115,9.7115
2016-01-11 22:20:00,45,0,21.37,40.34,20.41,39.66,22.12,39.08,21.27,39.63,19.53,45.82,11.22,60.77,19.89,35.65,22.08,41.81,20.11,41.98,10.02,754.95,65.77,2.82,38.48,3.18,32.5677,32.5677
2016-01-11 22:30:00,45,0,21.60,40.52,20.02,40.10,22.26,39.38,21.12,38.24,19.78,46.44,11.21,59.78,19.84,35.32,21.83,42.10,19.86,41.98,10.01,753.13,64.78,3.77,42.56,2.96,44.8206,44.8206
2016-01-11 22:40:00,45,0,21.51,39.55,20.40,40.96,21.85,39.60,20.93,39.84,19.50,47.52,11.15,58.53,20.22,35.55,21.97,41.83,20.36,41.02,9.95,756.99,63.53,4.24,42.17,2.65,40.3864,40.3864
2016-01-11 22:50:00,45,0,21.22,40.08,20.11,40.10,22.03,39.41,20.89,38.38,19.62,46.29,10.98,59.21,19.84,36.55,21.53,42.49,20.22,41.62,9.78,755.52,64.21,6.00,39.90,2.62,19.5318,19.5318
2016-01-11 23:00:00,45,0,21.50,40.18,20.42,40.75,21.96,39.55,20.97,39.44,19.45,46.62,11.36,61.28,19.79,35.94,22.08,41.68,20.22,41.30,10.16,757.88,66.28,4.23,35.37,3.42,41.8847,41.8847
2016-01-11 23:10:00,45,0,21.71,40.74,19.92,39.14,22.08,40.34,21.30,39.49,19.46,44.39,11.55,61.45,20.08,36.75,21.77,42.39,20.34,40.09,10.35,754.28,66.45,3.61,42.19,3.64,39.2149,39.2149
2016-01-11 23:20:00,45,0,21.73,39.34,19.95,40.74,22.07,38.98,21.25,38.29,19.48,45.02,10.98,59.56,19.85,35.02,21.98,42.80,20.21,40.32,9.78,752.87,64.56,4.36,40.66,2.69,22.2030,22.2030
2016-01-11 23:30:00,45,0,21.78,39.40,20.13,39.97,21.84,39.64,21.04,39.99,19.38,47.91,11.01,60.48,20.09,35.55,21.84,42.37,20.25,40.10,9.81,755.83,65.48,3.99,37.50,2.91,30.1075,30.1075
2016-01-11 23:40:00,45,0,21.38,40.27,20.27,40.36,22.13,39.82,21.20,39.26,19.74,46.59,11.14,61.84,19.89,35.88,21.85,42.46,19.85,40.59,9.94,753.72,66.84,5.30,41.07,3.30,36.8791,36.8791
2016-01-11 23:50:00,45,0,21.83,40.66,20.05,40.65,21.99,40.11,21.15,38.68,19.27,47.85,10.78,58.88,19.78,36.93,22.02,42.45,20.39,41.93,9.58,755.24,63.88,5.90,40.31,2.36,39.6202,39.6202
2016-01-12 00:00:00,42,0,21.64,40.34,20.25,40.64,22.26,38.72,20.84,38.05,19.73,46.25,10.93,61.67,20.25,35.44,21.54,42.65,20.35,40.60,9.73,752.08,66.67,4.38,39.55,3.06,20.5982,20.5982
2016-01-12 00:10:00,52,0,21.21,39.91,20.30,40.49,22.27,39.34,21.15,38.31,19.45,44.40,11.46,59.91,19.99,35.82,22.07,41.07,20.02,40.89,10.26,754.96,64.91,2.84,43.87,3.24,46.6266,46.6266
2016-01-12 00:20:00,53,0,21.42,39.38,19.97,40.70,21.97,39.83,21.09,39.19,19.21,47.15,10.56,61.65,19.85,35.25,21.84,41.14,20.26,40.41,9.36,755.27,66.65,5.92,38.59,2.69,11.3657,11.3657
2016-01-12 00:30:00,47,0,21.22,39.26,20.05,39.35,22.10,38.55,20.71,39.58,19.34,45.30,10.72,59.73,19.80,35.10,21.95,42.05,20.25,40.95,9.52,757.40,64.73,2.51,43.58,2.47,38.3448,38.3448
2016-01-12 00:40:00,44,0,21.79,40.04,20.17,40.93,21.74,39.46,20.94,39.37,19.49,47.64,10.43,61.42,19.74,35.16,21.86,41.13,19.97,41.27,9.23,757.67,66.42,2.65,42.83,2.52,27.3211,27.3211
2016-01-12 00:50:00,41,0,21.66,40.71,20.29,40.54,22.13,38.93,20.97,38.46,19.40,45.81,11.24,61.82,19.95,35.19,21.76,42.33,20.02,40.31,10.04,754.72,66.82,4.62,35.99,3.41,45.3033,45.3033
2016-01-12 01:00:00,41,0,21.55,40.17,20.24,39.66,21.77,39.21,21.10,39.50,19.72,46.88,11.00,60.38,20.28,36.20,21.71,42.16,19.93,41.31,9.80,752.58,65.38,5.09,43.12,2.87,11.7638,11.7638
2016-01-12 01:10:00,42,0,21.78,40.95,20.39,40.23,22.09,38.55,21.26,39.66,19.36,44.72,10.92,61.82,20.12,35.62,21.70,41.01,20.32,41.13,9.72,756.58,66.82,4.51,43.07,3.08,20.2376,20.2376
2016-01-12 01:20:00,46,0,21.37,39.74,20.33,40.55,22.04,38.67,20.73,38.31,19.57,46.70,10.61,60.84,19.86,36.32,21.79,41.88,19.96,41.51,9.41,756.48,65.84,3.25,39.20,2.58,6.4632,6.4632
2016-01-12 01:30:00,52,0,21.42,40.20,19.90,39.60,21.83,38.77,20.85,38.66,19.20,46.99,10.16,63.81,19.81,35.76,21.92,42.00,20.30,41.61,8.96,754.92,68.81,4.83,35.45,2.72,4.4596,4.4596
2016-01-12 01:40:00,45,0,21.56,40.42,20.15,39.23,21.71,39.15,21.18,39.24,19.70,47.68,9.81,61.58,19.75,36.69,21.65,42.18,20.11,40.79,8.61,757.53,66.58,5.52,40.76,1.92,15.8932,15.8932
2016-01-12 01:50:00,53,0,21.82,39.70,20.34,40.64,22.19,38.97,20.79,38.39,19.56,47.04,9.98,62.61,20.09,35.35,21.96,41.99,20.25,41.52,8.78,755.06,67.61,2.90,40.10,2.30,22.5475,22.5475
2016-01-12 02:00:00,48,0,21.22,39.14,20.17,39.61,21.86,38.61,21.00,38.62,19.47,44.23,10.09,64.93,20.20,35.15,22.02,42.71,20.17,41.01,8.89,755.75,69.93,5.52,41.27,2.88,23.2102,23.2102
2016-01-12 02:10:00,46,0,21.36,39.95,19.99,39.12,21.76,40.30,20.91,39.43,19.50,44.69,10.19,66.45,19.85,35.88,21.76,42.05,19.90,40.75,8.99,754.70,71.45,5.33,41.52,3.28,14.5789,14.5789
2016-01-12 02:20:00,45,0,21.18,40.36,20.07,40.45,22.09,40.31,21.22,38.67,19.55,44.57,9.61,65.75,19.91,36.94,21.92,41.78,20.16,41.88,8.41,756.74,70.75,4.77,35.66,2.56,15.8599,15.8599
2016-01-12 02:30:00,53,0,21.65,40.05,20.29,39.85,21.92,39.23,20.81,38.43,19.77,45.95,9.93,67.12,19.84,35.28,21.55,42.69,19.86,41.54,8.73,756.02,72.12,5.40,42.39,3.15,41.0858,41.0858
2016-01-12 02:40:00,52,0,21.23,40.66,20.36,40.62,21.80,39.38,20.95,39.35,19.34,45.78,9.03,65.74,19.87,36.50,21.77,42.07,19.99,41.62,7.83,756.60,70.74,2.96,38.77,1.98,23.5127,23.5127
2016-01-12 02:50:00,42,0,21.41,40.05,20.48,40.63,22.18,38.78,20.85,39.28,19.72,46.22,9.22,68.73,19.76,36.69,22.01,41.57,20.26,40.55,8.02,757.91,73.73,4.12,37.82,2.76,44.4547,44.4547
2016-01-12 03:00:00,46,0,21.12,39.11,20.20,39.47,22.30,39.25,20.72,39.86,19.70,46.60,9.14,69.29,20.17,35.28,21.67,42.66,20.22,40.28,7.94,753.33,74.29,4.08,38.50,2.79,34.8657,34.8657
2016-01-12 03:10:00,49,0,21.68,40.06,19.97,39.58,21.88,38.60,20.95,39.59,19.47,44.44,8.55,66.39,20.24,36.19,21.51,42.03,19.95,40.29,7.35,753.54,71.39,5.42,40.49,1.63,21.6035,21.6035
2016-01-12 03:20:00,44,0,21.15,40.05,20.20,40.98,22.03,39.28,20.98,39.27,19.79,45.01,8.63,68.33,19.71,36.58,21.71,42.47,20.18,41.54,7.43,755.99,73.33,2.80,44.75,2.10,36.2890,36.2890
2016-01-12 03:30:00,42,0,21.47,40.39,20.28,40.62,21.74,40.05,20.97,38.59,19.23,44.80,8.28,69.44,19.73,36.87,21.81,42.98,20.13,40.51,7.08,756.88,74.44,3.11,42.79,1.96,37.1580,37.1580
2016-01-12 03:40:00,41,0,21.39,40.78,20.35,40.79,21.93,40.45,21.00,39.00,19.75,46.08,8.43,70.99,20.18,36.45,21.55,42.20,20.29,41.09,7.23,757.19,75.99,3.66,36.24,2.42,16.4181,16.4181
2016-01-12 03:50:00,40,0,21.38,39.08,20.42,39.71,22.30,39.05,21.29,39.90,19.25,46.55,8.56,69.72,19.92,36.60,21.91,42.91,19.89,41.22,7.36,755.62,74.72,3.99,41.90,2.31,38.5030,38.5030
2016-01-12 04:00:00,46,0,21.58,40.36,20.47,39.74,22.16,39.65,21.02,38.80,19.59,45.00,7.80,72.23,19.77,36.47,21.80,41.77,20.14,40.52,6.60,754.20,77.23,3.84,40.67,2.05,13.4939,13.4939
2016-01-12 04:10:00,47,0,21.78,39.90,20.44,39.89,21.75,39.86,21.21,38.64,19.41,44.26,8.56,70.90,20.03,36.78,22.01,42.42,20.36,41.28,7.36,757.50,75.90,4.22,36.23,2.54,39.0974,39.0974
2016-01-12 04:20:00,45,0,21.54,39.74,20.38,40.10,22.07,38.67,20.89,40.00,19.63,46.10,7.52,71.20,20.16,36.65,21.54,42.94,20.19,40.90,6.32,752.83,76.20,5.27,35.26,1.56,33.6452,33.6452
2016-01-12 04:30:00,48,0,21.45,40.82,19.93,39.25,21.79,38.83,20.89,39.42,19.41,47.76,8.10,74.16,20.24,36.69,21.65,42.27,20.13,40.25,6.90,755.84,79.16,3.14,44.66,2.73,15.5356,15.5356
2016-01-12 04:40:00,47,0,21.68,40.21,20.41,40.13,22.20,38.56,20.73,39.28,19.55,46.60,7.55,72.37,20.16,35.83,21.88,42.00,20.18,40.58,6.35,757.65,77.37,3.04,41.59,1.82,46.9192,46.9192
2016-01-12 04:50:00,44,0,21.45,39.97,20.02,40.21,21.89,39.94,21.14,39.72,19.79,44.52,7.68,75.09,19.92,36.12,21.69,41.93,19.96,40.50,6.48,753.78,80.09,2.76,35.60,2.50,5.6470,5.6470
2016-01-12 05:00:00,49,0,21.36,40.16,20.09,40.53,22.00,39.53,21.00,38.62,19.21,47.78,7.08,75.46,20.00,36.93,21.63,41.71,19.83,40.99,5.88,753.49,80.46,5.53,36.60,1.98,43.3523,43.3523
2016-01-12 05:10:00,45,0,21.68,40.53,20.12,39.80,22.04,38.89,21.03,38.15,19.50,47.06,7.00,75.80,19.87,36.98,21.91,41.24,20.39,40.79,5.80,757.08,80.80,4.01,43.82,1.96,39.1551,39.1551
2016-01-12 05:20:00,44,0,21.14,39.27,20.10,39.95,21.97,39.71,21.01,38.66,19.57,44.65,7.29,77.33,20.29,36.48,21.68,41.67,20.30,41.06,6.09,753.19,82.33,4.28,40.00,2.56,35.0195,35.0195
2016-01-12 05:30:00,40,0,21.74,40.45,20.31,39.05,21.98,40.43,21.17,39.55,19.55,46.89,6.99,76.43,20.05,35.34,21.88,42.24,20.30,40.30,5.79,756.04,81.43,5.93,40.84,2.08,33.6749,33.6749
2016-01-12 05:40:00,51,0,21.65,39.82,20.36,40.84,22.22,39.97,20.74,38.28,19.32,45.30,6.95,76.04,20.10,36.05,21.69,41.35,20.35,40.68,5.75,752.11,81.04,3.60,36.51,1.96,18.0058,18.0058
2016-01-12 05:50:00,52,0,21.30,40.12,20.03,40.95,21.88,39.08,20.82,39.41,19.39,45.40,6.56,78.82,20.26,36.59,21.66,41.24,20.21,40.76,5.36,756.16,83.82,4.64,36.92,2.12,48.0477,48.0477
2016-01-12 06:00:00,45,0,21.38,39.88,20.05,39.96,21.82,39.58,21.26,39.39,19.28,46.46,6.62,80.10,20.05,35.48,21.90,42.06,20.18,40.10,5.42,753.74,85.10,3.51,42.14,2.44,20.8385,20.8385
2016-01-12 06:10:00,45,0,21.84,39.81,20.46,40.76,21.99,38.90,21.28,38.64,19.59,47.63,6.21,77.91,19.75,36.15,21.82,42.45,20.36,41.83,5.01,756.62,82.91,2.52,40.50,1.60,9.4031,9.4031
2016-01-12 06:20:00,45,0,21.50,40.87,20.48,40.85,22.23,38.52,21.04,38.21,19.79,45.14,6.21,78.83,20.29,36.09,21.80,42.88,20.31,40.94,5.01,757.52,83.83,5.99,38.97,1.78,10.2549,10.2549
2016-01-12 06:30:00,45,0,21.69,40.58,20.24,40.51,21.81,40.21,21.24,39.65,19.51,44.35,5.28,79.39,20.10,35.37,21.58,41.65,19.95,40.52,4.08,754.75,84.39,3.40,36.86,0.96,12.3050,12.3050
2016-01-12 06:40:00,45,0,21.62,40.39,19.94,39.24,21.88,39.31,21.00,39.79,19.62,45.24,5.76,83.16,19.77,36.83,21.68,42.23,19.93,40.27,4.56,753.81,88.16,5.03,35.11,2.19,8.3529,8.3529
2016-01-12 06:50:00,45,0,21.53,40.33,20.03,39.49,22.15,40.25,20.75,38.89,19.62,44.31,5.60,82.35,20.04,35.12,21.83,42.01,20.14,40.30,4.40,754.50,87.35,4.42,39.71,1.87,16.7496,16.7496
2016-01-12 07:00:00,145,10,21.51,40.62,20.17,40.03,21.97,38.62,20.98,39.61,19.63,45.58,5.22,80.96,20.19,36.49,21.85,41.09,20.01,40.13,4.02,753.23,85.96,4.54,35.91,1.21,48.7179,48.7179
2016-01-12 07:10:00,137,10,21.71,40.96,20.29,39.84,22.30,39.26,21.22,39.81,19.43,46.73,4.62,84.79,20.10,36.08,21.89,41.70,19.91,41.07,3.42,752.19,89.79,3.93,42.69,1.38,26.3844,26.3844
2016-01-12 07:20:00,131,10,21.54,40.06,20.39,39.50,21.91,39.05,21.26,39.45,19.27,47.24,4.63,81.62,19.95,36.53,22.03,41.03,19.92,40.20,3.43,752.14,86.62,3.54,41.73,0.75,2.6117,2.6117
2016-01-12 07:30:00,145,10,21.27,40.73,19.93,40.01,21.87,40.13,21.14,38.64,19.56,46.69,4.97,82.33,19.89,35.60,21.59,42.32,19.93,40.60,3.77,756.44,87.33,3.91,37.34,1.23,3.9260,3.9260
2016-01-12 07:40:00,130,10,21.88,40.88,20.30,40.57,21.89,39.33,20.79,38.75,19.65,45.89,5.01,86.29,20.21,35.60,21.92,42.61,20.35,41.12,3.81,755.76,91.29,4.00,39.96,2.07,47.4537,47.4537
2016-01-12 07:50:00,145,10,21.78,39.18,20.33,39.38,21.86,39.85,21.06,39.75,19.31,47.05,4.13,84.11,20.13,36.12,21.79,42.74,20.00,41.91,2.93,753.22,89.11,4.76,44.22,0.75,1.7360,1.7360
2016-01-12 08:00:00,124,10,21.58,39.41,20.45,40.10,22.17,39.26,21.02,38.72,19.36,46.05,4.83,84.08,20.00,35.20,22.09,41.94,20.30,41.83,3.63,758.00,89.08,4.18,37.43,1.45,18.7938,18.7938
2016-01-12 08:10:00,136,10,21.56,39.84,19.99,39.66,21.93,40.17,21.00,39.31,19.61,45.03,4.31,84.94,20.19,36.93,21.89,41.98,19.90,41.59,3.11,752.88,89.94,3.41,44.35,1.10,9.1248,9.1248
2016-01-12 08:20:00,108,10,21.13,40.69,20.47,40.34,22.16,39.32,21.21,38.46,19.62,44.04,4.12,88.16,20.00,35.75,21.87,42.33,20.17,40.97,2.92,755.25,93.16,4.75,35.59,1.56,24.4170,24.4170
2016-01-12 08:30:00,117,10,21.11,40.63,20.30,40.61,22.25,38.71,20.76,38.30,19.32,46.11,4.08,84.95,20.19,35.53,21.74,41.75,20.04,41.13,2.88,755.18,89.95,3.46,44.77,0.87,48.5312,48.5312
2016-01-12 08:40:00,127,10,21.17,39.76,20.23,39.11,21.71,38.84,21.00,38.87,19.67,46.26,4.11,88.68,20.21,35.19,21.82,41.09,19.93,41.74,2.91,755.92,93.68,5.50,42.60,1.64,43.6026,43.6026
2016-01-12 08:50:00,147,10,21.13,40.86,20.09,40.92,22.05,40.00,21.13,38.80,19.25,44.65,3.37,85.95,19.84,36.67,21.73,42.79,20.00,41.51,2.17,757.55,90.95,5.65,40.64,0.36,7.7176,7.7176
2016-01-12 09:00:00,116,0,21.77,39.68,20.36,40.91,21.94,40.05,20.72,38.55,19.80,45.96,3.96,87.99,19.91,36.88,21.76,42.36,20.20,40.17,2.76,757.85,92.99,2.69,39.37,1.36,30.6936,30.6936
2016-01-12 09:10:00,100,0,21.69,39.63,19.96,39.01,21.88,39.22,20.86,38.27,19.31,45.80,3.87,86.63,20.03,35.82,21.52,41.71,19.86,41.20,2.67,752.93,91.63,4.99,41.34,0.99,16.5727,16.5727
2016-01-12 09:20:00,89,0,21.88,40.14,20.00,39.76,21.78,39.10,21.00,38.13,19.46,45.68,3.37,88.15,19.99,35.15,21.65,41.49,20.18,41.19,2.17,752.51,93.15,5.65,44.05,0.80,10.3863,10.3863
2016-01-12 09:30:00,100,0,21.36,39.67,20.39,40.72,22.28,38.77,20.89,39.89,19.32,45.26,3.31,90.65,20.28,36.94,21.67,42.39,20.09,41.15,2.11,753.99,95.65,4.67,43.04,1.24,12.6364,12.6364
2016-01-12 09:40:00,116,0,21.54,40.36,20.23,40.91,21.98,39.92,20.96,38.58,19.62,47.28,3.76,88.67,20.18,35.82,21.80,42.27,19.95,41.32,2.56,752.68,93.67,4.47,40.92,1.29,35.3313,35.3313
2016-01-12 09:50:00,115,0,21.84,40.38,20.23,40.58,21.92,40.29,21.02,39.28,19.25,47.08,2.96,91.27,20.09,35.71,21.89,41.09,20.39,41.35,1.76,754.88,96.27,3.90,40.07,1.01,20.1817,20.1817
2016-01-12 10:00:00,45,0,21.52,40.16,20.25,39.89,22.16,39.68,21.00,38.69,19.21,44.42,3.80,89.21,19.95,36.92,21.57,42.88,19.89,40.62,2.60,752.06,94.21,3.41,40.11,1.44,22.8560,22.8560
2016-01-12 10:10:00,205,0,21.36,39.60,20.39,39.23,25.09,51.85,20.80,39.97,19.35,44.70,3.00,89.58,19.80,36.12,22.08,41.46,20.04,40.37,1.80,754.86,94.58,4.03,41.97,0.72,31.7430,31.7430
2016-01-12 10:20:00,205,0,21.41,40.41,20.02,40.50,24.74,50.70,21.22,38.37,19.40,45.83,3.19,87.89,19.86,36.73,21.82,42.28,20.16,41.22,1.99,755.68,92.89,3.19,40.92,0.57,29.1762,29.1762
2016-01-12 10:30:00,45,0,21.34,40.23,19.95,39.27,21.88,38.87,21.12,39.02,19.45,44.55,3.08,91.25,19.93,35.37,21.88,42.39,20.19,42.00,1.88,755.70,96.25,5.35,42.06,1.13,27.6358,27.6358
2016-01-12 10:40:00,205,0,21.39,39.02,19.98,40.63,25.00,51.49,21.11,38.83,19.70,45.95,3.20,88.50,19.75,35.06,21.96,41.58,19.96,41.08,2.00,753.89,93.50,4.08,35.54,0.71,9.0740,9.0740
2016-01-12 10:50:00,205,0,21.19,40.55,20.39,39.73,24.72,51.94,21.03,39.98,19.26,47.32,3.16,90.96,20.15,35.60,22.10,41.90,20.01,41.63,1.96,756.60,95.96,4.42,36.13,1.15,22.0754,22.0754
2016-01-12 11:00:00,45,0,21.38,40.42,20.28,39.33,21.78,38.91,20.82,38.12,19.41,45.12,3.69,91.10,20.02,35.65,21.92,41.58,19.96,41.72,2.49,753.42,96.10,5.34,40.88,1.71,48.3034,48.3034
2016-01-12 11:10:00,45,0,21.89,40.73,19.98,40.73,21.85,39.92,21.20,39.52,19.61,45.96,3.38,88.37,20.05,35.54,21.75,41.90,20.18,41.76,2.18,757.78,93.37,5.25,44.19,0.86,5.4685,5.4685
2016-01-12 11:20:00,45,0,21.36,39.00,20.36,40.47,22.14,39.42,21.10,38.72,19.24,46.14,3.23,89.06,19.83,35.86,21.63,41.54,20.30,40.68,2.03,757.62,94.06,3.79,44.50,0.84,28.7408,28.7408
2016-01-12 11:30:00,45,0,21.18,40.57,20.18,39.25,22.21,39.38,20.70,39.92,19.32,46.75,3.30,89.81,19.78,36.30,21.60,42.87,19.96,41.31,2.10,754.06,94.81,4.89,35.48,1.06,13.0187,13.0187
2016-01-12 11:40:00,45,0,21.66,39.47,20.29,40.41,21.70,39.45,20.78,38.45,19.61,44.04,3.13,91.39,20.12,36.63,22.09,41.84,19.88,40.14,1.93,752.99,96.39,3.89,38.06,1.21,19.3874,19.3874
2016-01-12 11:50:00,45,0,21.72,40.51,19.98,40.99,21.79,39.56,20.71,39.30,19.46,46.89,3.53,88.05,20.08,35.30,21.75,42.37,20.32,40.17,2.33,753.88,93.05,5.58,36.37,0.94,5.8223,5.8223
2016-01-12 12:00:00,45,0,21.21,39.55,19.95,40.11,22.06,39.72,21.17,39.38,19.71,46.63,3.59,89.85,19.88,36.04,21.81,42.50,19.98,40.11,2.39,754.30,94.85,5.87,38.15,1.36,44.0998,44.0998
2016-01-12 12:10:00,45,0,21.52,40.96,20.49,40.87,21.78,40.22,21.04,38.73,19.61,47.05,3.84,89.29,20.27,36.54,21.51,41.14,19.96,40.08,2.64,752.68,94.29,4.25,40.94,1.50,3.9025,3.9025
2016-01-12 12:20:00,45,0,21.66,39.16,20.22,40.23,21.87,39.12,21.01,38.41,19.68,46.15,3.73,89.12,19.93,36.27,22.00,42.36,19.84,41.40,2.53,755.77,94.12,4.25,39.15,1.35,36.0380,36.0380
2016-01-12 12:30:00,45,0,21.59,39.62,20.35,40.48,21.77,39.92,21.12,38.33,19.77,46.09,3.85,87.09,20.17,36.44,21.60,41.25,20.27,40.54,2.65,752.52,92.09,4.02,39.53,1.07,43.5479,43.5479
2016-01-12 12:40:00,45,0,21.67,40.15,19.95,39.91,21.92,39.50,21.04,38.74,19.35,44.41,3.85,86.71,20.04,36.45,21.64,42.02,19.83,41.73,2.65,756.84,91.71,3.45,35.64,0.99,12.7385,12.7385
2016-01-12 12:50:00,45,0,21.54,40.83,20.34,39.84,21.89,39.33,21.13,38.54,19.25,45.49,3.62,87.84,20.00,36.80,21.61,42.61,20.39,41.91,2.42,752.90,92.84,5.76,43.57,0.99,4.3085,4.3085
2016-01-12 13:00:00,45,0,21.11,39.40,20.24,39.61,22.07,39.43,21.06,38.99,19.66,44.78,3.70,87.12,20.24,36.52,21.65,41.01,20.05,40.47,2.50,757.07,92.12,3.65,40.53,0.92,17.6283,17.6283
2016-01-12 13:10:00,45,0,21.78,40.45,19.96,40.06,21.84,39.48,20.74,39.99,19.63,44.37,4.17,89.16,20.25,36.79,21.81,42.40,20.02,41.95,2.97,757.71,94.16,2.51,41.57,1.80,5.0753,5.0753
2016-01-12 13:20:00,45,0,21.45,40.93,20.04,39.52,21.89,40.10,21.12,39.47,19.39,45.09,3.52,85.82,19.74,35.41,21.97,42.17,19.89,40.33,2.32,756.92,90.82,2.76,40.68,0.48,23.3706,23.3706
2016-01-12 13:30:00,45,0,21.31,39.24,19.99,40.37,22.20,39.89,20.72,39.67,19.40,44.36,3.93,87.04,19.85,35.71,21.81,42.35,19.96,41.98,2.73,757.79,92.04,3.23,38.08,1.14,2.4919,2.4919
2016-01-12 13:40:00,45,0,21.74,39.28,19.91,40.66,22.29,38.76,21.19,38.74,19.58,46.58,4.04,86.30,20.05,35.52,21.99,41.04,19.84,41.80,2.84,756.49,91.30,3.37,39.62,1.10,22.2847,22.2847
2016-01-12 13:50:00,45,0,21.47,39.34,20.24,40.64,21.94,38.56,21.11,38.35,19.33,44.75,3.88,87.68,19.87,36.77,21.52,42.24,19.95,40.59,2.68,756.98,92.68,3.66,35.43,1.22,20.7756,20.7756
2016-01-12 14:00:00,45,0,21.81,40.05,20.28,40.60,22.18,40.48,21.17,38.72,19.53,45.94,4.42,83.85,20.25,36.00,21.73,41.36,19.99,40.44,3.22,753.68,88.85,2.98,36.99,0.99,43.9967,43.9967
2016-01-12 14:10:00,45,0,21.90,40.95,19.96,40.31,21.86,40.13,21.25,38.11,19.80,44.88,4.78,83.37,20.21,36.59,21.71,42.68,20.31,40.35,3.58,757.95,88.37,4.35,42.67,1.25,29.4409,29.4409
2016-01-12 14:20:00,45,0,21.86,40.13,20.24,39.38,22.29,40.26,21.00,38.62,19.49,44.36,4.94,85.43,19.84,35.44,21.82,41.00,20.35,40.40,3.74,757.48,90.43,2.60,42.01,1.82,7.2635,7.2635
2016-01-12 14:30:00,45,0,21.57,40.83,20.36,40.69,22.22,40.42,20.92,39.88,19.44,44.40,4.98,85.81,19.88,35.27,21.59,42.90,20.28,41.92,3.78,757.07,90.81,3.63,35.22,1.94,32.1607,32.1607
2016-01-12 14:40:00,45,0,21.28,40.18,20.01,39.61,22.11,38.75,21.14,39.90,19.77,45.57,4.58,85.48,20.30,36.93,21.52,42.20,20.35,41.94,3.38,756.16,90.48,5.75,42.87,1.48,11.6030,11.6030
2016-01-12 14:50:00,45,0,21.89,39.34,20.43,39.18,22.13,39.78,21.23,38.89,19.36,45.00,5.12,84.81,19.74,35.51,21.56,41.00,20.03,41.47,3.92,752.84,89.81,5.11,37.38,1.88,47.5169,47.5169
2016-01-12 15:00:00,45,0,21.48,40.73,20.29,40.37,21.80,38.65,21.21,38.59,19.39,47.81,5.58,82.47,19.74,35.34,21.73,42.46,20.13,41.80,4.38,754.27,87.47,4.41,36.01,1.88,5.4690,5.4690
2016-01-12 15:10:00,45,0,21.23,40.78,19.99,39.20,21.82,38.88,21.12,39.44,19.64,45.06,5.45,82.38,19.87,35.48,21.53,42.14,20.30,40.31,4.25,754.90,87.38,2.61,44.42,1.72,18.3198,18.3198
2016-01-12 15:20:00,45,0,21.12,39.34,20.08,39.16,22.21,39.12,20.94,38.98,19.60,44.36,5.44,80.52,20.03,35.37,22.03,41.74,20.07,40.53,4.24,755.97,85.52,4.60,37.00,1.34,23.3228,23.3228
2016-01-12 15:30:00,45,0,21.17,39.69,20.22,40.94,22.05,39.61,21.20,39.64,19.45,46.14,5.40,79.81,20.22,35.95,22.03,41.95,19.85,41.81,4.20,752.37,84.81,5.13,41.67,1.16,35.2867,35.2867
2016-01-12 15:40:00,45,0,21.20,40.51,20.00,40.97,22.28,40.12,20.78,38.85,19.79,45.74,5.83,81.73,20.30,36.25,22.00,41.52,20.35,41.83,4.63,756.80,86.73,4.87,41.20,1.98,4.2166,4.2166
2016-01-12 15:50:00,45,0,21.80,40.57,20.27,40.05,21.95,39.33,20.79,39.18,19.66,47.76,5.89,79.10,20.25,36.13,21.56,41.57,20.12,40.69,4.69,753.96,84.10,3.47,39.58,1.51,20.7227,20.7227
2016-01-12 16:00:00,45,0,21.22,40.22,20.32,39.08,22.23,39.16,20.84,39.49,19.75,47.59,6.05,78.82,19.71,36.63,21.68,41.56,20.09,41.39,4.85,755.65,83.82,2.63,37.75,1.61,5.7144,5.7144
2016-01-12 16:10:00,45,0,21.32,39.83,20.29,39.38,21.83,40.15,21.14,39.52,19.72,47.28,6.70,76.78,20.01,35.32,21.69,42.01,19.88,41.70,5.50,757.85,81.78,4.05,43.26,1.86,43.2080,43.2080
2016-01-12 16:20:00,45,0,21.47,40.84,20.32,39.55,22.19,39.51,21.08,38.25,19.22,45.49,6.03,76.38,20.06,35.36,22.02,42.17,20.01,40.33,4.83,757.00,81.38,5.43,37.49,1.11,43.9356,43.9356
2016-01-12 16:30:00,45,0,21.56,40.93,20.41,40.29,22.11,39.04,20.95,38.04,19.67,47.07,6.93,77.71,19.71,36.82,21.89,42.20,19.81,40.50,5.73,753.71,82.71,3.85,36.63,2.27,39.6441,39.6441
2016-01-12 16:40:00,45,0,21.38,39.50,20.18,40.35,22.19,39.29,20.76,39.02,19.60,47.37,6.66,78.18,19.92,36.29,21.87,41.60,19.86,40.13,5.46,755.86,83.18,3.98,38.76,2.09,48.4413,48.4413
2016-01-12 16:50:00,45,0,21.34,39.30,20.36,40.80,22.18,40.10,21.06,39.32,19.61,46.89,7.17,77.10,20.09,36.99,21.66,41.84,20.03,40.07,5.97,753.57,82.10,4.99,43.92,2.39,34.9873,34.9873
2016-01-12 17:00:00,45,0,21.73,40.81,20.30,40.01,22.21,40.18,21.23,38.36,19.26,44.51,7.27,73.76,19.86,36.62,21.96,41.37,20.21,40.67,6.07,756.36,78.76,3.28,40.35,1.82,5.2864,5.2864
2016-01-12 17:10:00,45,0,21.31,39.59,20.41,39.94,22.22,39.67,21.27,38.14,19.73,46.00,7.23,75.32,20.22,35.76,21.68,41.11,20.31,40.27,6.03,753.84,80.32,5.26,38.31,2.09,10.6142,10.6142
2016-01-12 17:20:00,45,0,21.67,40.56,20.19,40.26,21.81,39.77,20.70,38.55,19.66,44.67,7.46,73.97,20.16,35.98,21.96,41.18,20.17,41.27,6.26,757.44,78.97,4.10,38.16,2.05,20.3629,20.3629
2016-01-12 17:30:00,45,0,21.11,39.64,20.40,39.38,22.11,39.75,20.85,39.39,19.41,44.52,8.19,72.58,19.93,36.18,21.60,42.65,19.98,40.58,6.99,752.23,77.58,3.20,38.73,2.50,35.9359,35.9359
2016-01-12 17:40:00,45,0,21.82,39.72,20.01,40.90,22.25,39.31,20.84,39.45,19.28,46.94,7.99,71.75,20.05,35.34,21.72,42.30,19.82,41.75,6.79,757.33,76.75,5.98,38.43,2.14,13.2779,13.2779
2016-01-12 17:50:00,45,0,21.12,40.38,20.15,39.76,22.03,39.45,20.79,39.39,19.58,45.20,8.10,69.95,20.10,36.32,21.66,42.21,19.88,41.66,6.90,757.97,74.95,4.82,41.54,1.89,6.0359,6.0359
2016-01-12 18:00:00,221,30,21.26,49.53,20.21,39.40,22.12,39.09,20.72,38.99,19.32,47.73,8.45,69.59,19.90,35.01,21.90,42.81,20.30,41.34,7.25,752.68,74.59,2.87,36.99,2.17,8.1589,8.1589
2016-01-12 18:10:00,249,30,21.89,49.59,20.18,39.20,21.80,38.58,20.87,39.60,19.39,46.95,8.41,71.38,19.76,36.52,21.53,42.70,20.20,40.34,7.21,752.61,76.38,3.40,37.31,2.49,18.1613,18.1613
2016-01-12 18:20:00,228,30,21.42,50.92,20.06,39.77,22.21,40.10,21.09,39.59,19.27,46.78,8.69,71.38,19.74,36.88,21.60,41.83,20.15,41.60,7.49,752.56,76.38,5.35,36.83,2.77,33.5629,33.5629
2016-01-12 18:30:00,270,30,21.88,49.26,20.45,39.23,21.95,38.59,20.86,38.63,19.62,46.71,8.61,68.69,20.16,36.15,21.84,42.96,20.20,40.68,7.41,752.17,73.69,4.90,43.39,2.15,26.1090,26.1090
2016-01-12 18:40:00,246,30,21.41,50.68,20.24,40.98,21.73,39.79,20.79,39.70,19.71,47.48,8.49,69.31,19.74,35.98,21.64,42.94,19.83,40.45,7.29,753.49,74.31,3.71,41.76,2.15,31.8792,31.8792
2016-01-12 18:50:00,218,30,21.46,49.24,20.20,40.31,21.76,39.32,21.03,38.00,19.25,46.42,8.78,67.91,20.07,35.61,21.81,41.41,20.20,41.90,7.58,756.81,72.91,4.07,43.57,2.16,18.4404,18.4404
2016-01-12 19:00:00,229,30,21.63,50.43,19.97,40.52,21.90,40.16,21.28,38.58,19.51,46.81,8.92,67.32,19.73,35.33,21.58,42.43,20.23,40.21,7.72,755.36,72.32,4.67,39.73,2.19,30.3209,30.3209
2016-01-12 19:10:00,388,30,21.19,49.83,20.46,40.67,25.16,51.40,21.10,39.91,19.28,46.00,9.78,66.51,20.02,35.10,22.06,42.68,20.09,41.02,8.58,754.74,71.51,5.23,42.17,2.88,45.2158,45.2158
2016-01-12 19:20:00,448,30,21.81,50.01,20.13,40.96,25.16,51.05,21.28,39.94,19.47,44.53,9.57,67.32,19.95,36.40,21.95,41.60,20.22,41.72,8.37,752.77,72.32,3.86,41.01,2.84,35.1700,35.1700
2016-01-12 19:30:00,415,30,21.64,50.96,20.29,40.92,25.12,51.14,20.77,38.70,19.49,46.28,9.77,64.67,20.10,35.83,21.95,42.68,19.97,41.69,8.57,755.75,69.67,3.52,38.45,2.50,39.7986,39.7986
2016-01-12 19:40:00,397,30,21.23,49.57,20.05,40.68,24.88,52.01,20.72,39.63,19.26,47.47,9.30,63.94,20.14,36.73,21.95,42.12,19.94,41.57,8.10,756.02,68.94,3.20,42.50,1.88,39.3434,39.3434
2016-01-12 19:50:00,428,30,21.35,50.10,19.91,39.50,25.17,52.24,21.20,39.82,19.62,46.59,10.07,66.57,20.15,36.09,21.86,42.55,20.38,40.59,8.87,754.33,71.57,5.85,44.76,3.18,9.5164,9.5164
2016-01-12 20:00:00,239,30,21.55,49.26,20.25,39.51,21.90,39.92,20.79,38.31,19.39,44.20,9.72,63.09,20.26,36.23,21.90,41.98,20.14,40.72,8.52,755.08,68.09,3.82,39.29,2.13,38.6335,38.6335
2016-01-12 20:10:00,263,30,21.53,49.18,20.03,39.43,21.90,39.22,20.83,39.51,19.52,47.99,9.87,62.68,20.19,36.96,21.51,42.34,20.07,41.81,8.67,752.41,67.68,4.27,39.16,2.20,30.4577,30.4577
2016-01-12 20:20:00,219,30,21.41,50.08,20.07,40.82,22.19,39.25,21.18,38.89,19.23,47.59,10.72,64.24,19.82,36.03,22.07,41.33,20.37,41.08,9.52,753.93,69.24,5.71,44.45,3.37,1.3519,1.3519
2016-01-12 20:30:00,245,30,21.53,50.41,20.49,40.55,22.09,40.38,21.15,38.31,19.48,45.33,10.54,64.19,19.75,35.11,21.98,42.12,20.14,40.46,9.34,757.19,69.19,3.98,36.04,3.18,13.4151,13.4151
2016-01-12 20:40:00,224,30,21.61,50.24,20.35,40.17,22.12,38.65,21.26,38.21,19.67,45.21,10.61,62.44,19.75,36.53,21.76,41.79,20.20,40.95,9.41,752.10,67.44,4.86,40.35,2.90,26.6065,26.6065
2016-01-12 20:50:00,247,30,21.64,50.83,20.38,40.46,21.92,40.40,21.03,39.11,19.27,44.02,10.46,63.54,20.06,36.07,22.07,41.61,20.25,41.81,9.26,755.27,68.54,5.86,36.44,2.97,17.5049,17.5049
2016-01-12 21:00:00,222,30,21.26,39.36,20.38,40.70,22.21,40.36,21.30,38.92,19.53,45.16,10.81,62.06,19.74,35.20,21.94,41.97,20.00,40.26,9.61,752.97,67.06,3.27,43.35,3.02,32.4627,32.4627
2016-01-12 21:10:00,238,30,21.34,40.17,20.24,39.73,21.89,39.36,20.70,38.49,19.33,46.96,10.87,63.30,19.96,36.68,21.58,42.47,20.33,40.93,9.67,753.91,68.30,4.08,41.16,3.33,18.2196,18.2196
2016-01-12 21:20:00,276,30,21.21,40.08,20.06,40.77,21.75,38.65,20.71,39.01,19.22,46.33,10.88,60.11,19.94,36.18,22.04,42.10,20.13,42.00,9.68,755.64,65.11,5.45,43.59,2.70,23.6610,23.6610
2016-01-12 21:30:00,242,30,21.47,40.02,20.14,40.00,22.10,40.20,21.18,39.23,19.30,46.06,10.76,60.04,19.97,35.36,22.07,42.32,20.38,41.47,9.56,756.63,65.04,5.07,37.91,2.57,24.2082,24.2082
2016-01-12 21:40:00,266,30,21.27,40.82,20.12,39.94,21.97,38.59,21.29,38.65,19.62,46.09,10.68,60.86,20.20,36.67,21.66,42.09,19.90,41.31,9.48,752.38,65.86,3.79,35.43,2.65,18.5342,18.5342
2016-01-12 21:50:00,271,30,21.38,40.74,20.19,39.96,22.06,39.50,20.78,38.33,19.25,46.57,11.35,60.76,19.83,35.37,21.72,42.43,19.87,40.46,10.15,754.26,65.76,5.68,40.16,3.30,39.9363,39.9363
2016-01-12 22:00:00,45,0,21.12,39.09,20.24,39.32,22.08,38.58,21.04,38.11,19.35,44.72,11.05,60.43,20.27,36.20,21.84,41.04,20.23,41.32,9.85,753.26,65.43,3.06,43.33,2.93,14.6058,14.6058
2016-01-12 22:10:00,45,0,21.76,40.20,20.38,40.64,21.81,39.82,20.86,39.45,19.41,45.81,10.69,60.15,20.05,35.46,21.73,41.22,19.92,41.72,9.49,757.96,65.15,5.54,36.71,2.52,25.2093,25.2093
2016-01-12 22:20:00,45,0,21.13,40.57,20.20,39.24,21.99,38.76,21.06,39.66,19.74,47.10,11.06,58.83,20.09,36.04,21.72,41.09,20.12,40.46,9.86,752.58,63.83,4.17,41.15,2.62,39.5104,39.5104
2016-01-12 22:30:00,45,0,21.66,39.20,19.98,39.95,21.84,40.22,20.87,39.75,19.45,44.76,11.46,59.65,20.13,36.58,21.85,41.24,19.80,41.31,10.26,755.53,64.65,5.09,42.62,3.19,34.0128,34.0128
2016-01-12 22:40:00,45,0,21.78,39.85,20.12,39.55,22.11,40.01,20.95,39.57,19.49,45.48,11.00,59.51,20.03,35.51,21.68,41.69,20.22,41.47,9.80,752.93,64.51,4.78,37.54,2.70,42.0399,42.0399
2016-01-12 22:50:00,45,0,21.27,39.80,20.10,40.10,22.12,39.91,20.80,39.93,19.20,44.36,11.36,61.01,19.79,36.85,21.76,41.13,19.93,40.16,10.16,754.68,66.01,4.95,36.62,3.36,2.8123,2.8123
2016-01-12 23:00:00,45,0,21.58,40.89,20.39,40.28,21.96,38.90,21.09,39.61,19.37,44.13,11.08,61.94,20.06,36.03,21.64,41.34,19.82,40.48,9.88,755.68,66.94,4.32,42.12,3.27,1.0138,1.0138
2016-01-12 23:10:00,45,0,21.57,40.04,20.34,39.14,21.75,39.07,21.20,39.83,19.41,47.85,10.85,62.00,19.87,36.21,21.62,42.86,20.14,40.52,9.65,756.68,67.00,3.74,38.95,3.05,20.5425,20.5425
2016-01-12 23:20:00,45,0,21.87,40.75,20.39,40.15,22.12,40.43,21.04,39.54,19.65,47.84,10.79,58.35,19.98,35.92,21.85,41.05,19.87,40.14,9.59,753.77,63.35,5.81,43.03,2.26,31.4158,31.4158
2016-01-12 23:30:00,45,0,21.51,39.02,20.40,39.50,21.76,39.85,21.19,38.15,19.76,45.91,11.66,60.84,19.91,36.79,21.66,42.89,20.21,41.82,10.46,753.38,65.84,3.61,44.55,3.63,24.9520,24.9520
2016-01-12 23:40:00,45,0,21.30,40.24,19.99,39.21,22.25,39.85,21.10,39.23,19.66,46.17,10.84,61.17,19.73,35.96,21.87,41.98,20.39,41.79,9.64,757.24,66.17,3.22,37.03,2.87,42.7009,42.7009
2016-01-12 23:50:00,45,0,21.56,39.11,20.38,39.96,22.02,39.50,20.94,39.37,19.30,47.91,11.10,62.29,20.12,35.92,21.91,41.02,19.93,41.16,9.90,757.50,67.29,3.48,37.22,3.35,16.6209,16.6209
2016-01-13 00:00:00,42,0,21.59,39.73,20.20,39.42,22.12,39.24,21.21,38.56,19.31,44.52,11.18,59.55,20.05,35.46,21.56,41.54,19.94,40.86,9.98,755.29,64.55,3.33,39.71,2.89,19.2824,19.2824
2016-01-13 00:10:00,48,0,21.90,40.70,20.21,40.44,22.17,39.10,21.04,39.14,19.44,46.76,11.47,59.29,19.74,36.63,21.79,42.26,20.07,40.67,10.27,756.83,64.29,3.12,40.00,3.13,18.3262,18.3262
2016-01-13 00:20:00,45,0,21.87,39.40,20.25,40.30,21.80,40.06,20.91,39.35,19.49,46.95,11.39,59.94,20.23,35.76,21.67,42.26,19.89,40.34,10.19,752.12,64.94,2.92,43.67,3.18,39.7704,39.7704
2016-01-13 00:30:00,50,0,21.28,39.63,20.07,39.53,22.09,39.04,20.97,39.73,19.42,46.35,11.03,61.43,20.28,35.83,21.61,41.05,20.24,41.32,9.83,757.09,66.43,2.75,36.62,3.11,46.1410,46.1410
2016-01-13 00:40:00,52,0,21.54,39.05,20.14,40.53,21.75,39.02,20.79,39.31,19.73,45.24,10.41,60.07,19.85,35.57,21.88,41.26,20.30,40.06,9.21,752.62,65.07,2.72,43.79,2.22,32.8504,32.8504
2016-01-13 00:50:00,44,0,21.46,40.94,20.32,39.35,22.06,39.76,21.08,39.13,19.51,46.56,10.57,61.60,19.89,35.69,21.82,42.61,20.07,40.73,9.37,757.85,66.60,4.39,37.72,2.69,13.4707,13.4707
2016-01-13 01:00:00,43,0,21.11,40.84,20.47,39.95,21.71,39.36,20.88,38.46,19.20,45.49,10.16,63.27,19.95,36.12,21.74,41.33,20.24,40.78,8.96,757.09,68.27,3.70,39.69,2.62,19.1612,19.1612
2016-01-13 01:10:00,41,0,21.65,39.57,20.35,40.62,21.95,40.21,20.81,38.58,19.58,46.47,10.50,61.31,19.86,36.25,21.61,41.04,19.83,41.07,9.30,756.59,66.31,5.68,43.08,2.56,9.9250,9.9250
2016-01-13 01:20:00,52,0,21.49,39.68,20.09,40.60,22.30,39.43,21.17,38.66,19.71,47.81,10.25,63.57,19.73,36.55,21.54,41.94,19.92,41.68,9.05,756.36,68.57,3.31,36.51,2.76,40.2280,40.2280
2016-01-13 01:30:00,53,0,21.69,39.07,20.18,40.54,22.01,40.46,20.98,39.36,19.39,45.29,10.00,64.17,20.08,35.08,22.06,42.04,19.95,41.28,8.80,753.49,69.17,5.20,39.43,2.63,10.5387,10.5387
2016-01-13 01:40:00,40,0,21.23,39.55,19.97,40.58,21.71,38.58,21.17,38.95,19.56,45.49,10.63,62.38,19.75,35.32,21.55,42.24,20.36,41.99,9.43,752.68,67.38,4.72,38.25,2.90,31.0064,31.0064
2016-01-13 01:50:00,50,0,21.89,40.58,20.35,40.61,21.96,38.89,21.11,38.72,19.28,47.59,10.29,64.75,19.99,35.88,21.68,42.39,19.91,40.37,9.09,756.75,69.75,2.94,37.33,3.04,17.6879,17.6879
2016-01-13 02:00:00,47,0,21.22,39.59,20.06,39.73,21.70,39.78,20.93,38.37,19.21,47.43,9.80,65.72,20.17,35.48,21.93,42.32,20.12,40.77,8.60,757.49,70.72,4.44,35.69,2.75,26.1553,26.1553
2016-01-13 02:10:00,53,0,21.52,39.13,20.40,39.26,22.22,38.90,20.99,38.20,19.54,47.35,9.95,65.32,20.09,36.05,21.92,41.51,20.02,41.21,8.75,753.94,70.32,4.74,36.10,2.82,4.4020,4.4020
2016-01-13 02:20:00,47,0,21.15,40.12,20.46,39.83,21.92,39.92,21.19,38.53,19.22,44.28,9.48,65.32,19.88,36.89,22.08,41.19,20.24,41.06,8.28,757.34,70.32,2.78,43.01,2.34,10.0941,10.0941
2016-01-13 02:30:00,45,0,21.18,40.28,20.11,39.92,22.10,40.27,20.80,38.36,19.44,45.35,9.38,66.37,19.79,37.00,21.77,41.70,19.99,41.98,8.18,753.07,71.37,5.12,39.15,2.46,16.5834,16.5834
2016-01-13 02:40:00,52,0,21.27,40.53,20.46,39.51,22.28,39.39,20.94,39.45,19.79,46.38,9.76,66.12,20.01,36.99,21.68,41.60,19.93,41.71,8.56,756.36,71.12,4.63,40.63,2.78,2.0417,2.0417
2016-01-13 02:50:00,48,0,21.22,39.08,20.11,39.28,21.92,39.66,20.84,39.62,19.26,45.60,9.54,66.04,20.25,36.47,21.93,42.59,19.90,41.65,8.34,755.32,71.04,4.45,44.26,2.55,34.1006,34.1006
2016-01-13 03:00:00,42,0,21.16,39.11,20.36,39.70,22.19,39.33,21.22,39.74,19.34,46.61,9.61,67.88,20.06,35.02,21.97,41.76,19.98,40.08,8.41,753.80,72.88,5.06,40.76,2.98,26.9166,26.9166
2016-01-13 03:10:00,47,0,21.46,40.19,20.20,39.44,21.87,39.29,20.78,38.17,19.54,44.20,9.05,66.96,19.94,35.17,21.80,42.55,19.88,40.27,7.85,752.30,71.96,5.06,38.93,2.24,27.8462,27.8462
2016-01-13 03:20:00,40,0,21.16,40.55,20.09,40.85,21.75,39.84,20.95,38.70,19.39,46.38,9.04,67.45,19.71,35.61,22.09,42.23,20.39,40.88,7.84,755.70,72.45,5.07,37.46,2.33,7.9993,7.9993
2016-01-13 03:30:00,50,0,21.19,39.11,20.47,40.85,22.22,40.14,20.71,39.39,19.27,45.80,9.05,68.06,19.71,35.42,21.82,41.41,20.11,40.52,7.85,754.24,73.06,5.15,43.53,2.46,24.1853,24.1853
2016-01-13 03:40:00,45,0,21.13,39.34,20.07,40.58,22.07,38.61,21.09,38.02,19.43,45.09,8.21,70.66,20.21,36.32,22.02,41.04,20.32,41.30,7.01,752.11,75.66,4.54,41.64,2.14,12.0961,12.0961
2016-01-13 03:50:00,49,0,21.25,40.00,20.17,40.85,21.71,38.99,21.02,38.67,19.44,44.63,8.88,68.89,19.91,35.70,21.88,41.47,20.39,41.00,7.68,753.89,73.89,5.53,40.32,2.46,39.9709,39.9709
2016-01-13 04:00:00,42,0,21.32,39.30,20.44,40.31,21.75,39.26,21.28,39.22,19.58,44.91,8.61,72.68,19.84,35.31,22.08,42.82,20.00,41.08,7.41,756.89,77.68,2.60,40.55,2.95,10.9243,10.9243
2016-01-13 04:10:00,46,0,21.52,39.27,20.50,40.95,21.79,40.37,21.25,38.63,19.53,47.79,8.11,72.95,19.77,35.64,22.03,42.45,20.26,41.76,6.91,757.18,77.95,3.58,42.05,2.50,20.8739,20.8739
2016-01-13 04:20:00,52,0,21.72,39.21,20.01,40.52,22.07,39.03,21.04,38.46,19.34,46.75,7.84,74.13,19.92,36.38,21.79,42.00,20.16,41.42,6.64,757.36,79.13,5.77,37.74,2.46,18.9501,18.9501
2016-01-13 04:30:00,45,0,21.11,39.54,20.15,40.48,22.29,40.02,20.74,39.85,19.79,47.47,7.71,71.59,19.99,35.65,21.77,41.49,20.04,40.08,6.51,753.16,76.59,2.61,42.65,1.83,36.2959,36.2959
2016-01-13 04:40:00,52,0,21.80,40.57,20.21,39.90,22.20,38.58,21.30,39.04,19.44,46.94,7.36,74.14,20.03,36.03,21.88,41.10,19.97,40.80,6.16,756.45,79.14,4.58,40.25,1.99,15.6186,15.6186
2016-01-13 04:50:00,50,0,21.21,40.66,20.17,40.45,21.77,40.06,21.26,39.39,19.28,45.65,7.34,74.04,19.97,35.36,21.85,42.43,19.92,40.91,6.14,755.68,79.04,2.69,40.17,1.94,13.0040,13.0040
2016-01-13 05:00:00,46,0,21.46,39.73,20.21,39.77,22.17,39.52,21.27,38.76,19.43,47.07,7.61,76.19,20.25,36.13,21.90,41.30,20.32,40.36,6.41,756.31,81.19,2.93,36.14,2.64,35.1783,35.1783
2016-01-13 05:10:00,49,0,21.21,39.41,20.27,39.51,21.98,40.21,21.03,38.01,19.73,44.95,6.84,76.73,20.05,35.95,21.75,41.16,20.16,40.49,5.64,754.68,81.73,4.69,36.18,1.98,27.2724,27.2724
2016-01-13 05:20:00,53,0,21.13,40.71,20.30,40.68,21.88,40.34,20.73,38.83,19.31,46.69,6.91,77.61,20.07,36.38,21.86,42.57,19.91,40.91,5.71,752.29,82.61,3.02,41.53,2.23,28.7904,28.7904
2016-01-13 05:30:00,54,0,21.44,40.10,20.08,39.27,22.12,39.05,21.02,39.05,19.62,46.45,6.27,76.16,19.77,36.46,21.88,42.97,20.09,41.38,5.07,754.21,81.16,3.83,35.68,1.30,45.8268,45.8268
2016-01-13 05:40:00,46,0,21.38,39.26,20.24,40.04,22.08,39.49,20.81,39.22,19.63,47.92,6.29,78.04,19.70,35.05,21.88,41.24,20.31,41.60,5.09,753.90,83.04,4.34,44.95,1.70,48.9514,48.9514
2016-01-13 05:50:00,49,0,21.33,40.58,20.08,40.01,21.89,38.51,21.11,38.68,19.63,46.46,6.17,78.49,19.72,35.35,21.70,41.68,20.20,41.83,4.97,755.83,83.49,2.54,37.01,1.67,39.2682,39.2682
2016-01-13 06:00:00,45,0,21.73,39.83,20.35,40.67,21.88,39.95,20.89,39.07,19.32,46.74,6.15,79.39,20.18,36.78,21.71,42.94,19.97,40.06,4.95,757.35,84.39,4.38,38.35,1.82,48.2137,48.2137
2016-01-13 06:10:00,45,0,21.79,40.50,20.32,39.63,21.72,39.33,21.00,38.48,19.47,47.80,6.12,80.88,19.83,35.60,21.57,42.57,20.27,41.83,4.92,755.43,85.88,3.86,40.95,2.10,22.3012,22.3012
2016-01-13 06:20:00,45,0,21.69,40.05,20.37,39.29,22.22,40.14,21.26,39.35,19.28,46.90,5.36,80.06,19.98,36.43,21.81,41.01,20.36,41.37,4.16,755.00,85.06,3.17,44.24,1.17,29.5258,29.5258
2016-01-13 06:30:00,45,0,21.35,40.16,20.09,40.78,21.89,38.89,20.87,38.64,19.46,44.47,5.26,80.61,19.79,35.55,21.51,42.25,20.11,40.41,4.06,752.28,85.61,4.32,41.59,1.18,17.8153,17.8153
2016-01-13 06:40:00,45,0,21.16,40.23,20.10,39.89,21.78,39.44,21.11,38.21,19.23,45.71,5.33,79.91,19.81,36.19,21.86,42.67,20.22,41.23,4.13,756.23,84.91,3.49,37.45,1.11,15.9972,15.9972
2016-01-13 06:50:00,45,0,21.70,39.93,19.98,40.63,22.25,39.44,20.97,39.37,19.63,45.86,5.67,82.78,19.84,35.45,22.02,42.23,20.35,40.78,4.47,756.03,87.78,4.37,44.74,2.03,34.5815,34.5815
2016-01-13 07:00:00,129,10,21.48,39.70,20.18,39.34,22.16,39.71,20.78,38.21,19.69,47.19,5.37,83.66,19.90,36.30,21.98,42.07,20.04,40.83,4.17,757.29,88.66,4.09,35.30,1.90,30.8020,30.8020
2016-01-13 07:10:00,112,10,21.73,39.87,20.37,40.09,21.84,39.83,20.75,39.86,19.54,45.95,5.52,82.59,20.06,35.93,21.83,42.64,19.91,41.91,4.32,754.04,87.59,5.35,40.91,1.84,4.3412,4.3412
2016-01-13 07:20:00,145,10,21.17,40.63,20.43,40.81,22.08,38.50,20.79,38.30,19.52,45.56,5.22,84.69,20.05,35.39,21.91,41.63,20.14,41.83,4.02,754.27,89.69,4.23,41.60,1.96,15.6184,15.6184
2016-01-13 07:30:00,123,10,21.89,39.81,19.98,39.59,21.92,39.60,20.73,39.41,19.69,45.44,4.70,86.06,20.22,36.73,21.64,42.40,20.04,40.64,3.50,754.07,91.06,2.81,35.08,1.71,19.3739,19.3739
2016-01-13 07:40:00,132,10,21.84,40.68,19.99,40.99,22.10,38.77,20.74,38.03,19.63,45.95,4.67,85.29,19.96,36.98,21.55,42.28,20.05,40.91,3.47,754.85,90.29,3.16,38.85,1.53,38.8686,38.8686
2016-01-13 07:50:00,137,10,21.38,39.37,20.26,40.16,22.21,38.97,21.00,38.82,19.53,45.47,4.42,83.85,20.29,36.14,21.92,41.23,20.09,41.38,3.22,755.06,88.85,4.43,39.50,0.99,7.8202,7.8202
2016-01-13 08:00:00,146,10,21.81,39.18,20.18,40.48,22.28,38.66,21.08,39.60,19.39,44.21,4.86,87.54,19.91,36.56,21.78,42.03,20.08,41.47,3.66,756.67,92.54,4.13,35.78,2.16,21.2088,21.2088
2016-01-13 08:10:00,108,10,21.68,40.13,19.94,39.95,21.80,38.60,21.29,39.62,19.57,45.15,4.55,85.22,19.75,36.01,22.01,41.56,19.88,40.56,3.35,752.21,90.22,5.73,42.49,1.39,42.1772,42.1772
2016-01-13 08:20:00,116,10,21.75,39.52,20.32,39.97,22.18,40.22,20.91,38.17,19.29,47.74,3.75,85.19,19.79,35.99,22.10,42.54,19.94,40.88,2.55,755.55,90.19,3.03,39.47,0.59,31.6036,31.6036
2016-01-13 08:30:00,109,10,21.23,39.80,20.08,40.49,22.15,39.57,20.93,39.41,19.48,44.58,4.26,86.28,20.22,35.02,22.06,41.90,20.21,41.92,3.06,755.85,91.28,5.14,36.16,1.32,33.7781,33.7781
2016-01-13 08:40:00,108,10,21.79,39.67,20.06,39.20,22.09,39.28,21.16,39.50,19.64,46.35,4.34,87.84,19.82,35.67,21.91,41.36,20.13,41.35,3.14,757.74,92.84,4.01,44.18,1.71,40.9211,40.9211
2016-01-13 08:50:00,135,10,21.25,39.05,19.96,40.88,22.09,40.17,21.27,39.28,19.62,44.48,3.42,86.07,20.21,35.26,21.89,42.80,20.14,41.93,2.22,754.68,91.07,3.27,37.83,0.44,44.0081,44.0081
2016-01-13 09:00:00,92,0,21.32,39.85,20.44,40.54,21.89,38.82,20.74,39.55,19.43,45.33,3.49,87.86,19.74,36.91,21.66,41.88,20.10,41.86,2.29,757.62,92.86,4.74,44.23,0.86,30.2945,30.2945
2016-01-13 09:10:00,122,0,21.83,40.43,19.96,39.15,22.04,39.00,20.97,39.79,19.29,46.56,3.64,86.88,20.26,36.33,21.66,42.40,20.34,41.15,2.44,756.61,91.88,3.26,41.43,0.82,25.7384,25.7384
2016-01-13 09:20:00,115,0,21.53,39.01,20.47,40.64,21.99,39.63,21.26,38.72,19.61,45.60,3.57,88.34,20.08,36.92,21.55,42.07,20.38,40.16,2.37,757.06,93.34,5.23,42.85,1.03,23.0627,23.0627
2016-01-13 09:30:00,102,0,21.66,40.79,20.28,39.72,21.75,39.77,21.14,38.28,19.32,46.88,3.65,87.56,20.06,35.98,21.54,42.08,19.98,41.07,2.45,752.24,92.56,3.84,36.91,0.97,41.0440,41.0440
2016-01-13 09:40:00,91,0,21.19,40.61,20.30,39.92,22.11,40.25,20.79,39.16,19.75,44.15,3.94,87.24,19.78,36.31,21.78,42.84,19.83,41.40,2.74,752.34,92.24,5.26,35.43,1.19,7.2658,7.2658
2016-01-13 09:50:00,115,0,21.57,40.64,19.96,39.99,22.18,38.94,21.18,38.85,19.69,47.93,2.94,88.54,20.11,35.65,22.09,42.15,19.88,41.67,1.74,756.76,93.54,4.10,36.71,0.44,39.0689,39.0689
2016-01-13 10:00:00,45,0,21.66,40.11,20.16,40.85,21.76,40.19,21.07,39.56,19.21,45.95,3.43,88.83,19.70,35.36,21.55,42.30,20.33,40.83,2.23,752.72,93.83,2.99,39.15,1.00,39.7558,39.7558
2016-01-13 10:10:00,45,0,21.43,40.88,20.27,39.08,22.00,40.40,21.08,39.57,19.41,44.02,3.57,90.41,19.84,35.24,21.82,41.19,20.02,41.52,2.37,753.24,95.41,4.74,40.23,1.45,26.9067,26.9067
2016-01-13 10:20:00,45,0,21.74,40.37,20.48,39.95,22.10,38.59,21.09,38.57,19.46,45.34,2.98,90.85,20.18,36.52,21.53,42.48,20.35,40.35,1.78,755.96,95.85,3.47,36.94,0.95,38.7036,38.7036
2016-01-13 10:30:00,205,0,21.36,39.40,20.31,39.65,24.90,50.70,21.14,39.74,19.43,44.88,3.22,88.34,19.98,35.97,22.03,41.29,20.36,40.91,2.02,757.37,93.34,5.02,40.93,0.69,19.5919,19.5919
2016-01-13 10:40:00,205,0,21.20,40.38,19.94,39.27,24.98,50.84,20.91,39.77,19.56,47.16,2.85,90.82,20.08,36.22,21.60,42.94,20.31,40.17,1.65,755.79,95.82,5.91,37.02,0.82,42.1347,42.1347
2016-01-13 10:50:00,205,0,21.68,40.47,20.05,39.65,25.24,51.68,20.79,39.15,19.20,47.92,3.19,91.97,19.72,35.94,21.96,41.07,20.12,40.96,1.99,755.55,96.97,5.43,37.79,1.39,39.3048,39.3048
2016-01-13 11:00:00,45,0,21.69,40.90,19.98,39.59,22.09,38.68,20.99,38.61,19.62,47.43,3.52,89.81,20.15,35.05,21.77,42.54,20.32,40.81,2.32,753.44,94.81,4.45,35.12,1.28,38.9132,38.9132
2016-01-13 11:10:00,45,0,21.81,39.67,19.92,39.85,21.86,40.39,21.03,39.59,19.67,44.32,3.07,89.84,20.23,36.47,21.53,42.89,20.20,41.78,1.87,755.80,94.84,5.51,35.71,0.84,6.3264,6.3264
2016-01-13 11:20:00,45,0,21.15,40.42,20.02,40.96,21.84,38.73,20.99,39.88,19.55,47.84,3.08,90.42,19.83,36.49,21.64,41.71,19.96,41.36,1.88,754.19,95.42,3.11,40.59,0.96,14.3030,14.3030
2016-01-13 11:30:00,45,0,21.67,40.36,20.22,39.58,22.07,40.10,21.27,39.62,19.76,44.26,2.80,89.25,20.24,35.92,21.55,42.80,19.97,41.91,1.60,754.92,94.25,4.34,36.23,0.45,6.2495,6.2495
2016-01-13 11:40:00,45,0,21.60,39.59,20.48,40.08,21.78,39.19,20.97,39.29,19.37,44.25,3.04,90.56,20.22,35.46,22.07,42.29,20.05,40.69,1.84,754.98,95.56,5.56,40.21,0.95,32.0105,32.0105
2016-01-13 11:50:00,45,0,21.34,39.26,20.37,39.34,21.86,39.47,21.28,39.54,19.23,45.41,3.12,90.02,19.97,35.33,22.05,42.42,19.97,41.95,1.92,756.18,95.02,5.45,39.45,0.92,41.2879,41.2879
2016-01-13 12:00:00,45,0,21.35,39.25,20.06,39.37,22.04,38.57,20.89,38.69,19.42,46.16,3.53,90.15,19.80,35.60,22.05,41.81,20.10,40.29,2.33,752.92,95.15,3.33,35.41,1.36,22.9860,22.9860
2016-01-13 12:10:00,45,0,21.66,39.95,20.07,40.89,22.29,39.65,20.79,39.13,19.74,45.77,3.21,87.32,20.11,36.46,22.04,41.28,20.13,40.62,2.01,756.43,92.32,5.91,38.31,0.47,20.2782,20.2782
2016-01-13 12:20:00,45,0,21.57,39.44,20.46,39.56,21.71,39.58,20.97,39.34,19.25,46.05,3.78,88.88,19.82,35.64,21.86,42.89,20.35,40.72,2.58,752.55,93.88,2.69,41.41,1.36,8.1014,8.1014
2016-01-13 12:30:00,45,0,21.88,40.75,19.95,40.46,21.97,40.49,21.18,38.58,19.68,47.88,3.86,88.34,19.95,36.79,21.58,42.17,19.85,40.42,2.66,754.24,93.34,3.50,38.51,1.33,23.7814,23.7814
2016-01-13 12:40:00,45,0,21.17,39.82,20.45,39.83,22.03,39.92,21.15,38.27,19.31,45.53,3.94,90.54,20.03,35.08,22.00,42.67,19.98,41.12,2.74,752.40,95.54,5.86,42.56,1.85,23.2457,23.2457
2016-01-13 12:50:00,45,0,21.48,40.31,20.44,39.83,22.00,39.88,20.85,38.24,19.37,47.98,3.18,86.31,19.74,36.49,21.85,42.13,20.32,41.26,1.98,753.58,91.31,5.85,43.34,0.24,23.8500,23.8500
2016-01-13 13:00:00,45,0,21.23,39.12,20.09,40.76,21.78,38.83,20.86,38.84,19.75,45.42,3.93,86.47,19.87,36.06,22.06,42.03,20.26,40.37,2.73,755.08,91.47,4.51,43.45,1.02,5.5364,5.5364
2016-01-13 13:10:00,45,0,21.34,40.37,20.31,39.19,22.05,40.15,20.71,39.04,19.42,45.94,4.08,87.83,19.90,36.82,21.56,41.31,19.93,40.38,2.88,757.23,92.83,5.39,41.85,1.44,44.0587,44.0587
2016-01-13 13:20:00,45,0,21.71,39.23,20.18,39.15,22.19,40.35,20.99,38.62,19.42,47.27,4.04,88.61,20.23,36.20,21.96,41.68,20.23,40.06,2.84,755.15,93.61,4.36,40.51,1.56,40.0996,40.0996
2016-01-13 13:30:00,45,0,21.20,39.16,20.31,40.57,21.75,40.05,21.15,38.09,19.26,47.17,3.75,88.33,20.01,35.12,21.57,41.51,19.84,41.34,2.55,752.85,93.33,3.29,36.25,1.21,37.2184,37.2184
2016-01-13 13:40:00,45,0,21.38,39.18,20.41,40.88,22.27,39.20,20.80,39.00,19.64,44.97,4.42,88.17,20.04,35.20,21.85,41.03,19.93,40.38,3.22,753.23,93.17,5.65,36.85,1.85,14.5291,14.5291
2016-01-13 13:50:00,45,0,21.50,40.42,20.12,40.18,21.96,40.42,20.81,38.71,19.43,44.86,4.65,86.21,19.84,35.23,22.09,41.25,19.87,40.27,3.45,757.84,91.21,2.85,37.14,1.69,37.5891,37.5891
2016-01-13 14:00:00,45,0,21.33,40.20,20.09,40.95,21.97,39.61,20.87,39.71,19.31,44.28,4.58,85.84,20.20,35.95,21.91,41.36,20.40,40.98,3.38,752.24,90.84,3.65,36.16,1.54,6.0483,6.0483
2016-01-13 14:10:00,45,0,21.57,39.20,20.46,40.96,21.74,40.45,20.90,39.19,19.79,44.49,4.44,85.77,20.20,36.45,21.67,42.43,20.15,40.55,3.24,752.51,90.77,3.00,39.01,1.39,38.8957,38.8957
2016-01-13 14:20:00,45,0,21.49,39.56,20.36,39.22,21.85,39.49,21.08,38.27,19.26,44.21,4.77,84.24,19.74,36.36,22.08,41.77,20.21,40.31,3.57,754.85,89.24,4.61,39.04,1.42,30.8544,30.8544
2016-01-13 14:30:00,45,0,21.26,40.32,20.19,39.52,21.91,40.22,21.03,39.91,19.22,45.72,4.36,82.44,20.25,35.77,21.69,41.75,20.08,40.07,3.16,756.51,87.44,5.19,42.93,0.65,27.7200,27.7200
2016-01-13 14:40:00,45,0,21.67,39.97,19.97,40.35,22.10,39.87,21.04,38.95,19.71,46.03,5.27,82.82,19.93,35.99,22.08,42.23,20.01,41.96,4.07,756.24,87.82,4.22,36.34,1.63,16.3832,16.3832
2016-01-13 14:50:00,45,0,21.12,40.78,20.10,39.19,21.91,39.21,20.91,39.32,19.35,46.59,4.58,81.24,20.06,36.82,21.54,41.61,20.00,40.04,3.38,757.02,86.24,3.72,42.42,0.63,16.6536,16.6536
2016-01-13 15:00:00,45,0,21.66,40.18,20.49,39.76,21.93,39.65,21.18,38.20,19.61,45.34,5.16,83.95,20.00,36.53,21.70,42.23,20.02,40.87,3.96,755.41,88.95,5.65,37.67,1.75,24.8537,24.8537
2016-01-13 15:10:00,45,0,21.14,40.99,20.14,39.45,22.15,38.68,21.21,38.19,19.40,44.27,5.70,83.07,20.18,35.95,21.63,42.59,20.19,40.60,4.50,757.04,88.07,4.38,37.87,2.12,39.5981,39.5981
2016-01-13 15:20:00,45,0,21.46,40.53,20.01,39.04,22.12,40.23,21.05,38.43,19.78,46.97,5.44,81.50,19.98,36.87,21.82,42.23,20.26,40.87,4.24,753.20,86.50,3.91,41.25,1.54,28.1736,28.1736
2016-01-13 15:30:00,45,0,21.65,39.60,20.16,39.64,22.20,38.63,20.82,38.82,19.69,46.58,5.80,80.83,19.85,36.20,21.74,41.23,19.92,40.49,4.60,754.19,85.83,3.02,36.50,1.76,40.7070,40.7070
2016-01-13 15:40:00,45,0,21.23,39.27,20.06,40.61,22.10,38.85,21.21,39.93,19.49,44.08,5.80,80.37,20.22,35.17,21.86,42.73,20.34,40.81,4.60,754.62,85.37,4.76,35.37,1.67,18.4448,18.4448
2016-01-13 15:50:00,45,0,21.19,40.47,20.46,40.04,22.20,40.40,21.26,38.50,19.73,44.95,6.15,77.87,19.77,36.61,21.70,42.17,20.03,41.50,4.95,757.66,82.87,5.03,36.41,1.53,12.3250,12.3250
2016-01-13 16:00:00,45,0,21.30,40.18,20.19,39.75,22.27,39.13,20.95,39.37,19.78,47.52,6.09,77.46,20.26,35.73,21.93,42.64,19.81,41.93,4.89,753.05,82.46,5.89,39.39,1.38,30.0791,30.0791
2016-01-13 16:10:00,45,0,21.29,40.11,20.09,40.92,21.92,40.12,20.77,39.73,19.71,45.55,6.68,78.90,20.25,35.79,22.09,41.51,19.85,41.65,5.48,757.65,83.90,4.92,42.89,2.25,12.3021,12.3021
2016-01-13 16:20:00,45,0,21.71,39.81,19.92,40.73,22.19,40.38,20.98,38.83,19.70,46.87,6.22,79.17,20.23,36.64,21.99,42.40,20.10,40.70,5.02,757.50,84.17,4.71,43.79,1.85,29.9016,29.9016
2016-01-13 16:30:00,45,0,21.61,40.26,20.37,39.27,21.94,39.76,20.89,38.16,19.29,46.07,6.99,77.91,20.28,36.66,21.96,42.69,20.21,41.59,5.79,754.72,82.91,2.60,35.52,2.37,16.3312,16.3312
2016-01-13 16:40:00,45,0,21.74,39.40,20.15,39.36,22.23,40.39,21.23,38.45,19.77,47.69,6.83,77.25,20.09,36.25,22.04,42.95,19.92,41.40,5.63,753.56,82.25,4.91,43.27,2.08,9.1003,9.1003
2016-01-13 16:50:00,45,0,21.86,39.23,20.33,39.87,22.25,39.41,21.10,38.24,19.63,44.76,6.93,75.37,20.22,36.56,21.67,41.99,19.88,41.71,5.73,753.56,80.37,2.81,38.68,1.80,29.8040,29.8040
2016-01-13 17:00:00,45,0,21.22,39.58,20.06,40.24,22.24,39.24,21.11,38.92,19.21,44.53,7.70,74.13,19.89,36.39,21.91,42.43,20.23,41.47,6.50,756.06,79.13,3.96,39.09,2.32,13.2988,13.2988
2016-01-13 17:10:00,45,0,21.90,40.88,20.48,40.20,22.15,38.59,20.85,39.24,19.38,45.58,6.97,72.58,19.92,36.94,21.84,42.16,19.96,41.01,5.77,754.00,77.58,3.32,44.08,1.29,45.6557,45.6557
2016-01-13 17:20:00,45,0,21.19,39.09,19.98,40.74,22.20,40.00,21.26,38.57,19.73,46.45,7.93,72.22,20.16,35.53,21.69,42.79,19.99,41.99,6.73,753.90,77.22,4.36,36.42,2.17,37.6564,37.6564
2016-01-13 17:30:00,45,0,21.22,39.46,19.92,39.52,22.12,39.37,21.30,39.85,19.22,45.43,7.37,74.45,20.13,35.97,21.80,42.69,20.32,40.25,6.17,755.94,79.45,5.29,35.53,2.06,5.4917,5.4917
2016-01-13 17:40:00,45,0,21.81,40.17,20.25,40.94,22.02,39.64,20.95,38.15,19.66,46.71,8.26,71.12,20.23,35.05,21.91,42.36,20.04,41.18,7.06,753.01,76.12,4.28,37.73,2.29,46.6586,46.6586
2016-01-13 17:50:00,45,0,21.46,40.91,20.26,39.01,22.28,39.81,21.27,38.65,19.64,46.94,8.40,70.37,20.27,36.14,21.63,41.10,20.19,40.65,7.20,752.49,75.37,5.41,41.60,2.28,3.6657,3.6657
2016-01-13 18:00:00,280,30,21.87,50.73,19.95,40.70,21.80,40.06,20.87,39.51,19.59,44.48,7.81,72.93,19.99,35.86,21.98,41.62,20.21,40.26,6.61,754.29,77.93,3.90,36.78,2.19,32.9450,32.9450
2016-01-13 18:10:00,286,30,21.44,50.51,20.39,40.23,21.96,39.35,20.72,38.68,19.48,44.90,8.42,70.45,20.11,35.31,21.80,42.26,20.11,40.58,7.22,757.31,75.45,4.17,40.63,2.31,21.9931,21.9931
2016-01-13 18:20:00,228,30,21.52,49.59,19.93,39.15,21.73,38.72,20.95,38.19,19.60,46.27,8.55,68.46,19.85,35.51,21.55,42.01,19.87,41.32,7.35,752.77,73.46,5.66,43.42,2.04,9.6185,9.6185
2016-01-13 18:30:00,269,30,21.46,50.34,20.27,39.53,22.28,40.24,20.81,38.37,19.65,46.42,8.62,67.59,20.22,35.21,21.82,41.01,19.87,40.34,7.42,757.26,72.59,3.54,40.87,1.94,23.9018,23.9018
2016-01-13 18:40:00,277,30,21.88,49.72,20.30,40.38,21.94,39.11,20.78,38.03,19.27,44.06,9.26,70.52,20.28,36.72,21.63,42.30,20.19,40.87,8.06,755.61,75.52,4.20,41.18,3.16,31.0508,31.0508
2016-01-13 18:50:00,261,30,21.23,49.30,20.32,40.93,21.98,40.22,21.05,38.40,19.54,47.34,8.74,67.28,19.73,35.02,21.88,42.43,20.39,41.70,7.54,754.78,72.28,4.16,35.22,1.99,36.3798,36.3798
2016-01-13 19:00:00,389,30,21.59,50.36,20.39,39.98,25.02,51.34,20.89,38.13,19.74,45.67,9.25,66.66,19.98,35.99,22.06,41.69,20.22,40.04,8.05,754.92,71.66,4.20,40.91,2.39,14.8245,14.8245
2016-01-13 19:10:00,229,30,21.58,50.68,20.29,39.26,22.13,40.42,21.20,39.35,19.64,47.18,9.19,65.87,20.18,36.69,21.87,41.56,20.25,41.33,7.99,753.32,70.87,5.68,38.39,2.17,7.1966,7.1966
2016-01-13 19:20:00,284,30,21.27,49.09,19.91,40.76,21.80,40.16,21.24,38.06,19.24,45.72,9.60,64.80,20.07,35.24,21.63,41.52,20.00,40.71,8.40,754.50,69.80,5.98,38.04,2.36,3.2405,3.2405
2016-01-13 19:30:00,409,30,21.67,50.85,20.16,39.91,24.77,50.71,21.07,39.56,19.77,47.29,9.40,64.47,19.73,35.21,21.88,42.74,20.35,40.31,8.20,756.14,69.47,4.30,41.69,2.10,15.0219,15.0219
2016-01-13 19:40:00,438,30,21.21,50.70,20.16,39.83,24.85,52.12,20.90,39.01,19.25,45.49,9.78,66.29,20.15,35.72,21.90,41.30,20.25,40.84,8.58,752.60,71.29,4.76,38.35,2.83,11.9527,11.9527
2016-01-13 19:50:00,426,30,21.39,49.06,19.99,39.02,25.27,50.67,20.89,39.96,19.30,44.25,9.82,64.50,20.16,36.32,21.88,42.81,19.83,41.26,8.62,754.75,69.50,5.48,42.95,2.52,35.2417,35.2417
2016-01-13 20:00:00,229,30,21.34,50.49,20.45,39.02,21.87,39.56,21.25,39.40,19.47,44.82,10.05,63.58,20.03,36.58,21.89,42.39,20.33,41.56,8.85,754.41,68.58,4.88,40.54,2.56,20.4163,20.4163
2016-01-13 20:10:00,243,30,21.20,50.98,20.07,39.19,22.03,39.54,21.15,38.32,19.22,47.19,9.95,62.09,20.06,35.48,21.96,42.45,20.39,40.22,8.75,754.01,67.09,5.04,42.40,2.17,3.8774,3.8774
2016-01-13 20:20:00,255,30,21.34,50.47,20.17,40.97,22.18,40.48,21.04,39.79,19.58,46.13,10.39,62.93,20.06,35.70,21.67,42.57,20.23,41.34,9.19,752.29,67.93,4.78,36.25,2.78,35.2888,35.2888
2016-01-13 20:30:00,288,30,21.18,50.42,20.40,39.16,21.74,40.28,20.99,38.89,19.42,46.11,10.12,62.41,20.05,36.04,21.74,41.53,20.10,40.85,8.92,755.49,67.41,5.38,38.61,2.40,22.1238,22.1238
2016-01-13 20:40:00,243,30,21.67,49.26,20.32,40.73,21.77,38.93,20.98,39.49,19.77,45.48,10.47,64.61,20.27,36.20,21.75,41.24,20.14,40.08,9.27,756.94,69.61,3.01,36.27,3.19,8.3586,8.3586
2016-01-13 20:50:00,262,30,21.57,49.10,20.44,40.78,21.83,40.14,20.99,38.24,19.41,47.48,11.06,61.56,19.95,36.15,21.84,42.80,20.27,40.95,9.86,754.92,66.56,5.27,36.42,3.18,35.5616,35.5616
2016-01-13 21:00:00,258,30,21.79,39.65,20.38,40.33,21.95,38.97,20.94,39.08,19.77,47.56,10.93,62.03,20.14,36.29,22.02,42.41,20.14,41.59,9.73,754.77,67.03,4.07,39.49,3.13,34.9551,34.9551
2016-01-13 21:10:00,217,30,21.14,40.14,20.01,39.95,22.24,38.74,21.26,38.36,19.21,47.15,10.37,61.93,19.85,36.41,22.03,41.89,20.28,41.21,9.17,753.15,66.93,4.67,40.77,2.56,20.2863,20.2863
2016-01-13 21:20:00,247,30,21.35,39.51,19.97,39.20,21.80,38.79,20.85,38.18,19.38,45.63,11.19,59.50,19.80,36.23,21.70,41.05,19.84,40.78,9.99,754.62,64.50,3.95,43.60,2.89,16.3620,16.3620
2016-01-13 21:30:00,258,30,21.70,40.17,20.20,40.50,21.93,38.73,20.74,38.93,19.44,45.94,10.72,60.64,19.94,35.47,22.03,41.54,20.38,41.35,9.52,756.97,65.64,2.92,37.03,2.65,12.8232,12.8232
2016-01-13 21:40:00,261,30,21.26,40.94,20.12,40.97,22.17,39.58,20.95,39.82,19.47,44.00,11.24,60.12,19.98,36.66,21.67,42.94,19.80,41.87,10.04,754.44,65.12,2.79,41.36,3.07,24.1449,24.1449
2016-01-13 21:50:00,274,30,21.51,39.09,20.34,40.13,21.88,39.29,20.77,38.28,19.53,45.12,11.35,60.21,19.96,36.22,22.07,41.64,20.21,40.69,10.15,754.11,65.21,4.71,40.85,3.20,13.5453,13.5453
2016-01-13 22:00:00,45,0,21.58,39.03,20.32,40.29,21.70,39.45,21.24,39.35,19.45,47.58,11.02,59.49,20.12,36.52,21.82,42.57,20.19,40.16,9.82,757.90,64.49,3.70,39.60,2.72,2.4855,2.4855
2016-01-13 22:10:00,45,0,21.76,39.72,20.01,40.54,22.12,38.52,20.98,39.87,19.47,44.89,11.44,61.04,19.71,35.56,22.05,41.72,19.85,41.23,10.24,756.03,66.04,3.74,43.13,3.45,15.5526,15.5526
2016-01-13 22:20:00,45,0,21.82,40.41,20.03,39.39,22.19,39.29,21.22,39.14,19.50,46.21,11.36,59.16,20.10,36.13,21.91,42.13,19.84,40.26,10.16,754.96,64.16,3.77,37.81,2.99,4.1224,4.1224
2016-01-13 22:30:00,45,0,21.25,40.36,20.50,40.39,22.02,39.01,21.04,38.91,19.76,46.56,10.93,60.41,20.27,35.10,22.06,41.87,20.40,40.55,9.73,753.37,65.41,4.33,42.82,2.81,33.6483,33.6483
2016-01-13 22:40:00,45,0,21.32,39.84,20.17,39.01,21.82,38.66,21.04,38.05,19.64,47.91,11.15,59.50,19.95,35.15,21.65,41.33,19.99,41.25,9.95,756.55,64.50,5.59,37.25,2.85,5.6429,5.6429
2016-01-13 22:50:00,45,0,21.30,39.22,20.04,39.68,21.73,39.17,21.18,39.89,19.67,46.48,11.18,61.25,20.16,36.25,21.85,41.17,19.84,40.07,9.98,755.56,66.25,4.69,38.34,3.23,16.0374,16.0374
2016-01-13 23:00:00,45,0,21.34,40.25,19.94,40.36,22.04,39.09,20.93,38.19,19.65,44.93,11.55,58.26,20.06,36.32,21.51,41.77,20.28,41.76,10.35,752.77,63.26,5.72,39.42,3.00,30.7231,30.7231
2016-01-13 23:10:00,45,0,21.25,39.21,20.26,39.14,22.17,38.89,21.04,39.27,19.35,45.68,11.04,61.76,20.13,35.89,21.65,42.59,19.84,40.62,9.84,756.70,66.76,4.09,38.28,3.19,21.9207,21.9207
2016-01-13 23:20:00,45,0,21.22,39.62,20.11,39.74,21.70,39.67,21.11,38.11,19.50,47.34,11.64,61.07,20.22,35.84,21.62,41.40,20.35,41.57,10.44,753.87,66.07,5.60,42.75,3.66,17.3945,17.3945
2016-01-13 23:30:00,45,0,21.56,40.93,20.27,39.84,21.80,39.41,21.17,38.08,19.33,44.01,11.33,60.91,19.83,35.46,21.87,41.48,20.24,41.91,10.13,757.89,65.91,4.60,38.31,3.32,16.9127,16.9127
2016-01-13 23:40:00,45,0,21.16,39.06,19.97,39.58,21.82,39.67,21.16,38.09,19.22,44.79,11.38,59.05,19.80,36.77,21.93,41.68,20.13,40.36,10.18,753.11,64.05,5.96,38.63,2.99,2.0316,2.0316
2016-01-13 23:50:00,45,0,21.73,39.22,20.46,39.61,21.84,40.12,21.10,39.88,19.79,47.99,11.45,62.00,20.23,36.76,21.54,41.29,20.35,41.59,10.25,752.13,67.00,4.87,38.79,3.65,10.2007,10.2007
2016-01-14 00:00:00,47,0,21.14,40.23,20.01,40.07,22.17,39.16,20.73,39.59,19.72,47.41,10.94,60.01,20.28,36.77,21.63,41.16,20.08,41.33,9.74,755.60,65.01,5.92,37.45,2.74,4.1139,4.1139
2016-01-14 00:10:00,54,0,21.36,39.75,20.32,40.43,22.00,39.04,20.94,39.84,19.55,44.15,11.27,61.27,19.83,35.41,22.02,41.79,19.98,41.78,10.07,755.05,66.27,4.25,39.64,3.32,28.4258,28.4258
2016-01-14 00:20:00,49,0,21.38,40.17,20.18,40.24,21.96,39.44,20.95,39.61,19.39,45.53,10.83,61.11,19.81,35.47,21.89,41.72,19.85,41.69,9.63,752.81,66.11,2.79,39.45,2.85,25.6140,25.6140
2016-01-14 00:30:00,46,0,21.26,39.39,20.10,39.61,22.19,39.87,20.86,39.41,19.80,47.99,11.18,62.85,20.15,36.48,22.05,41.02,19.98,41.64,9.98,752.59,67.85,2.75,35.38,3.55,38.5902,38.5902
2016-01-14 00:40:00,46,0,21.71,39.30,20.14,39.45,22.15,39.45,21.01,39.57,19.65,46.89,10.73,61.73,19.98,36.58,21.69,41.38,20.26,41.40,9.53,755.93,66.73,4.15,40.13,2.88,11.0601,11.0601
2016-01-14 00:50:00,49,0,21.11,40.62,20.40,39.68,21.95,39.87,20.94,39.56,19.52,45.30,10.81,61.19,19.71,36.57,22.05,41.31,20.37,40.66,9.61,755.47,66.19,2.95,44.43,2.85,31.2323,31.2323
2016-01-14 01:00:00,49,0,21.53,39.38,19.97,40.14,21.97,40.29,20.76,38.21,19.53,44.13,10.77,63.48,20.11,35.98,21.61,41.14,20.38,40.57,9.57,757.88,68.48,3.21,38.91,3.27,12.1859,12.1859
2016-01-14 01:10:00,50,0,21.43,39.31,19.97,40.07,21.99,38.64,21.27,39.73,19.28,44.82,10.14,60.58,19.96,36.42,21.78,42.21,20.36,41.17,8.94,755.11,65.58,3.10,43.60,2.06,25.1188,25.1188
2016-01-14 01:20:00,53,0,21.75,40.05,20.45,40.76,21.98,39.65,21.14,38.58,19.73,45.83,10.25,60.74,20.12,36.42,21.68,42.23,20.29,40.35,9.05,752.86,65.74,2.72,38.99,2.20,12.9585,12.9585
2016-01-14 01:30:00,51,0,21.41,40.89,20.04,40.74,21.86,39.76,20.88,39.83,19.62,46.89,10.61,62.93,19.83,35.99,22.10,42.11,20.40,40.15,9.41,757.46,67.93,3.14,40.69,2.99,6.0508,6.0508
2016-01-14 01:40:00,42,0,21.16,40.39,20.35,39.76,22.15,40.21,20.94,38.02,19.27,47.67,10.09,63.31,19.90,36.50,21.79,41.14,20.13,40.48,8.89,753.52,68.31,4.27,39.62,2.55,46.6009,46.6009
2016-01-14 01:50:00,53,0,21.34,40.07,20.13,39.16,22.16,39.85,20.79,38.72,19.33,44.14,10.47,65.31,20.11,35.43,21.92,42.67,20.29,41.28,9.27,753.02,70.31,2.56,36.01,3.33,35.3877,35.3877
2016-01-14 02:00:00,41,0,21.71,40.86,20.12,39.48,21.75,39.34,21.29,38.67,19.32,46.68,9.92,63.63,19.83,36.76,21.98,42.66,19.90,40.33,8.72,752.31,68.63,2.52,42.72,2.44,20.9526,20.9526
2016-01-14 02:10:00,54,0,21.85,39.24,20.03,39.71,21.80,39.30,20.89,38.78,19.48,44.26,9.73,65.11,20.19,36.30,21.72,41.13,19.93,40.60,8.53,753.14,70.11,3.22,40.42,2.55,29.7457,29.7457
2016-01-14 02:20:00,49,0,21.87,40.20,20.49,40.39,22.11,40.44,21.12,38.66,19.58,47.54,9.37,65.50,19.89,36.70,21.79,41.67,20.17,41.17,8.17,757.94,70.50,5.48,36.71,2.27,19.3538,19.3538
2016-01-14 02:30:00,49,0,21.82,39.62,20.34,40.51,22.07,38.62,20.92,38.59,19.29,44.82,9.37,66.22,19.72,36.85,21.86,42.89,20.24,40.66,8.17,757.93,71.22,3.31,41.16,2.41,14.3501,14.3501
2016-01-14 02:40:00,42,0,21.12,40.69,20.10,39.48,22.02,40.31,21.10,38.50,19.61,46.88,9.75,66.48,20.06,35.76,21.69,41.88,19.80,41.74,8.55,757.87,71.48,4.77,37.88,2.85,4.3593,4.3593
2016-01-14 02:50:00,45,0,21.76,40.86,20.04,39.16,22.13,39.12,21.13,38.49,19.31,45.00,9.48,65.51,19.87,35.90,21.88,41.54,20.27,40.16,8.28,753.23,70.51,2.82,40.93,2.38,47.6826,47.6826
2016-01-14 03:00:00,47,0,21.76,40.59,19.91,39.76,22.21,40.02,21.25,39.19,19.29,46.91,8.87,67.27,19.85,35.93,21.77,41.75,20.16,40.14,7.67,755.03,72.27,5.07,42.60,2.12,7.5595,7.5595
2016-01-14 03:10:00,50,0,21.49,40.85,20.46,40.94,21.92,39.48,21.08,39.18,19.45,44.16,8.70,66.83,20.25,35.77,21.84,41.39,20.06,40.51,7.50,752.08,71.83,4.25,42.25,1.87,44.8281,44.8281
2016-01-14 03:20:00,51,0,21.84,40.47,20.05,39.07,22.19,39.76,21.11,39.39,19.59,45.05,8.90,68.62,19.97,36.36,21.65,42.20,20.37,41.68,7.70,756.13,73.62,4.94,41.51,2.42,1.5922,1.5922
2016-01-14 03:30:00,42,0,21.51,39.38,20.15,40.66,21.85,39.10,21.28,39.32,19.43,45.23,8.88,70.93,19.95,36.75,21.94,41.18,20.18,41.55,7.68,754.39,75.93,4.55,44.01,2.86,17.5309,17.5309
2016-01-14 03:40:00,42,0,21.75,39.00,19.94,40.39,22.01,39.81,21.14,38.34,19.42,46.82,8.82,71.59,19.82,35.36,22.07,41.90,20.29,40.37,7.62,754.39,76.59,3.58,44.87,2.93,3.8311,3.8311
2016-01-14 03:50:00,47,0,21.60,40.74,20.00,39.59,21.93,39.05,20.91,39.17,19.49,46.69,8.66,69.53,19.76,35.12,21.95,41.01,20.15,41.98,7.46,757.41,74.53,3.93,41.27,2.37,5.6484,5.6484
2016-01-14 04:00:00,53,0,21.48,39.67,20.16,39.74,22.23,40.50,21.19,39.88,19.60,45.51,7.74,71.53,19.73,35.71,21.70,41.20,20.07,41.40,6.54,757.92,76.53,5.16,44.32,1.85,35.8106,35.8106
2016-01-14 04:10:00,46,0,21.75,39.74,20.27,40.32,21.99,39.33,20.81,39.97,19.77,47.25,7.70,72.16,19.71,35.72,21.53,42.62,20.00,40.89,6.50,757.21,77.16,3.48,41.99,1.94,30.1246,30.1246
2016-01-14 04:20:00,42,0,21.89,40.71,20.44,40.47,21.88,38.89,20.79,39.04,19.54,47.43,8.01,70.72,20.00,35.26,21.98,41.60,20.20,41.10,6.81,754.57,75.72,5.76,44.31,1.95,42.9897,42.9897
2016-01-14 04:30:00,41,0,21.70,40.32,19.95,39.87,22.13,38.82,21.26,39.81,19.66,44.88,7.67,71.50,19.85,35.95,22.04,41.25,19.88,41.07,6.47,755.98,76.50,3.34,37.12,1.77,35.8199,35.8199
2016-01-14 04:40:00,45,0,21.62,39.75,20.33,40.47,21.93,39.78,21.04,39.71,19.69,44.89,7.74,75.18,19.77,35.18,21.55,42.48,20.36,41.49,6.54,757.59,80.18,5.18,41.01,2.58,6.5731,6.5731
2016-01-14 04:50:00,46,0,21.53,40.69,20.49,39.64,21.92,39.86,21.18,39.04,19.56,44.89,7.73,76.16,19.94,36.08,21.78,41.29,20.37,41.67,6.53,755.46,81.16,2.51,35.62,2.76,24.9920,24.9920
2016-01-14 05:00:00,50,0,21.58,39.62,20.49,39.25,22.30,39.91,20.99,39.66,19.50,46.82,7.30,73.58,19.93,36.96,21.70,42.66,19.93,41.47,6.10,755.99,78.58,5.30,42.03,1.82,39.9001,39.9001
2016-01-14 05:10:00,51,0,21.89,40.32,20.41,40.98,22.03,39.17,21.11,39.98,19.65,45.56,6.58,77.12,20.02,35.57,21.92,41.39,20.31,40.79,5.38,753.07,82.12,4.21,38.92,1.80,7.2832,7.2832
2016-01-14 05:20:00,53,0,21.23,39.28,20.32,39.58,21.79,38.94,21.15,39.47,19.21,46.90,6.93,77.53,20.05,36.36,22.09,41.30,20.37,40.85,5.73,757.10,82.53,4.98,39.58,2.24,41.3997,41.3997
2016-01-14 05:30:00,49,0,21.62,40.19,20.48,40.25,21.94,38.57,20.84,38.98,19.61,47.82,6.27,78.85,20.09,35.75,21.92,42.59,20.20,41.56,5.07,753.08,83.85,2.68,44.80,1.84,42.5150,42.5150
2016-01-14 05:40:00,51,0,21.49,40.34,20.21,39.05,22.04,39.65,20.86,39.49,19.68,44.72,6.28,78.22,19.99,36.29,21.76,42.14,19.86,40.13,5.08,754.20,83.22,2.92,35.83,1.72,44.6263,44.6263
2016-01-14 05:50:00,43,0,21.75,39.98,20.21,40.17,22.13,40.08,20.77,39.51,19.78,47.59,6.02,79.50,19.81,36.20,21.61,42.11,20.28,40.25,4.82,752.12,84.50,4.45,40.36,1.72,7.1832,7.1832
2016-01-14 06:00:00,45,0,21.50,39.73,20.23,39.85,22.27,38.50,20.88,39.89,19.51,47.13,5.83,79.13,20.10,35.89,21.85,42.39,20.11,41.97,4.63,757.11,84.13,2.62,44.80,1.45,17.9016,17.9016
2016-01-14 06:10:00,45,0,21.25,39.60,20.40,40.91,22.06,38.93,20.92,38.26,19.57,44.30,6.04,78.35,19.85,35.76,22.04,41.80,19.85,40.51,4.84,752.59,83.35,5.37,37.37,1.51,21.4165,21.4165
2016-01-14 06:20:00,45,0,21.66,39.39,20.12,40.31,22.19,39.71,20.95,38.31,19.80,45.73,6.03,80.27,19.72,36.21,21.55,41.25,19.87,41.10,4.83,752.42,85.27,5.06,44.95,1.88,4.1660,4.1660
2016-01-14 06:30:00,45,0,21.28,39.02,20.13,40.94,21.93,38.71,21.26,38.35,19.64,45.23,5.81,80.19,20.19,35.98,21.82,42.40,20.32,41.10,4.61,754.00,85.19,3.46,43.69,1.65,30.1584,30.1584
2016-01-14 06:40:00,45,0,21.69,40.94,20.22,40.19,22.21,39.45,20.78,38.02,19.51,44.62,5.91,80.02,19.78,35.76,21.94,41.11,20.24,41.95,4.71,757.68,85.02,3.86,38.45,1.71,34.9601,34.9601
2016-01-14 06:50:00,45,0,21.74,40.00,20.07,39.86,22.27,40.26,21.19,38.61,19.71,47.79,5.10,82.36,19.94,35.63,21.55,41.16,20.24,41.89,3.90,756.24,87.36,3.14,44.86,1.37,8.9254,8.9254
2016-01-14 07:00:00,137,10,21.87,39.85,20.21,40.46,21.99,39.53,21.30,39.78,19.62,45.62,4.76,83.47,20.07,36.82,21.95,42.43,20.22,41.50,3.56,755.32,88.47,4.22,43.74,1.25,12.7229,12.7229
2016-01-14 07:10:00,138,10,21.59,40.93,20.30,40.76,22.01,38.95,20.75,39.68,19.51,47.81,5.50,84.35,19.95,35.76,21.72,41.23,20.35,40.50,4.30,757.28,89.35,4.35,41.09,2.17,26.8777,26.8777
2016-01-14 07:20:00,122,10,21.56,39.43,20.08,40.87,22.09,40.15,20.72,38.93,19.57,45.95,4.52,82.80,19.91,36.23,21.70,41.71,19.80,41.78,3.32,753.76,87.80,3.25,42.38,0.88,9.9356,9.9356
2016-01-14 07:30:00,142,10,21.20,39.97,19.99,40.31,21.84,39.29,20.88,38.86,19.31,47.25,4.37,84.10,19.77,35.88,22.00,41.32,20.01,40.87,3.17,752.51,89.10,4.30,36.54,0.99,18.2434,18.2434
2016-01-14 07:40:00,112,10,21.82,39.32,20.02,39.96,22.10,39.03,20.95,39.10,19.68,46.86,4.33,83.40,19.89,36.53,22.03,42.00,20.35,41.69,3.13,752.24,88.40,3.88,42.44,0.81,19.6647,19.6647
2016-01-14 07:50:00,140,10,21.29,40.36,20.11,40.95,22.14,39.37,20.87,38.97,19.66,44.99,4.11,83.22,19.79,36.02,21.65,42.53,20.32,41.99,2.91,752.93,88.22,4.25,42.67,0.55,12.8730,12.8730
2016-01-14 08:00:00,121,10,21.24,40.99,20.25,40.27,21.84,38.76,20.72,39.98,19.76,45.71,4.07,86.43,20.07,35.18,21.53,41.81,19.98,41.27,2.87,756.86,91.43,4.95,40.02,1.16,12.1085,12.1085
2016-01-14 08:10:00,108,10,21.32,39.70,20.15,39.64,21.73,38.58,20.73,39.49,19.33,45.89,4.23,86.10,20.25,35.20,21.61,42.90,20.02,40.61,3.03,755.86,91.10,3.57,37.69,1.25,5.6506,5.6506
2016-01-14 08:20:00,129,10,21.72,40.06,20.12,40.30,21.83,39.27,21.23,38.26,19.65,44.48,4.19,87.94,20.05,36.82,21.89,41.38,20.22,41.85,2.99,753.99,92.94,5.09,38.61,1.58,4.5942,4.5942
2016-01-14 08:30:00,131,10,21.14,39.38,20.23,39.51,22.23,40.21,21.24,39.95,19.74,45.79,3.87,87.80,20.13,36.82,21.54,41.84,20.36,41.01,2.67,757.94,92.80,3.21,42.21,1.23,2.0500,2.0500
2016-01-14 08:40:00,139,10,21.66,40.48,20.14,40.37,22.22,40.44,20.80,39.50,19.43,47.12,4.12,85.80,19.94,35.54,21.61,41.32,19.93,41.39,2.92,752.27,90.80,4.48,42.94,1.08,43.1994,43.1994
2016-01-14 08:50:00,132,10,21.67,40.10,20.00,39.09,21.84,38.58,20.79,39.77,19.76,45.08,3.78,88.48,20.17,36.28,21.65,42.65,20.12,40.00,2.58,755.15,93.48,3.56,37.20,1.28,17.6782,17.6782
2016-01-14 09:00:00,111,0,21.43,40.22,20.09,39.11,22.19,40.15,20.83,39.93,19.31,47.89,3.61,86.32,20.02,36.96,21.97,42.56,19.86,41.49,2.41,756.23,91.32,4.42,42.22,0.67,19.3351,19.3351
2016-01-14 09:10:00,85,0,21.32,40.16,20.38,40.51,21.79,38.96,21.14,38.74,19.74,44.37,4.02,88.84,19.81,35.37,22.02,41.38,20.09,41.46,2.82,755.31,93.84,5.36,37.21,1.59,32.0831,32.0831
2016-01-14 09:20:00,90,0,21.16,39.49,20.45,40.94,21.76,39.55,21.14,39.62,19.56,45.51,3.24,87.31,19.71,36.65,21.96,42.29,19.83,40.50,2.04,754.37,92.31,4.63,35.69,0.50,5.0126,5.0126
2016-01-14 09:30:00,105,0,21.69,39.68,20.32,39.40,21.99,39.63,20.97,38.33,19.40,44.62,3.63,86.91,19.73,36.38,21.88,41.25,20.29,40.21,2.43,757.80,91.91,5.85,36.06,0.81,15.2434,15.2434
2016-01-14 09:40:00,120,0,21.22,40.31,20.04,40.76,21.93,40.27,21.19,38.22,19.30,44.44,3.78,87.66,19.76,36.91,21.71,42.23,19.87,41.85,2.58,757.47,92.66,2.58,39.27,1.11,45.1539,45.1539
2016-01-14 09:50:00,100,0,21.22,40.33,20.08,40.64,21.91,38.71,21.25,39.32,19.76,47.24,3.49,88.02,20.13,35.15,21.50,42.87,19.89,41.31,2.29,755.18,93.02,4.60,41.79,0.89,16.3723,16.3723
2016-01-14 10:00:00,45,0,21.87,39.56,19.95,40.99,21.93,39.14,20.95,39.39,19.45,47.17,3.56,90.63,19.90,36.60,21.89,41.49,20.05,40.99,2.36,754.87,95.63,2.74,40.78,1.48,26.6210,26.6210
2016-01-14 10:10:00,45,0,21.56,40.39,20.35,40.41,21.70,40.49,20.71,39.12,19.77,47.68,3.33,90.93,19.74,35.70,22.01,42.73,20.29,40.59,2.13,754.31,95.93,4.53,39.22,1.31,7.9187,7.9187
2016-01-14 10:20:00,45,0,21.14,39.28,20.48,40.41,21.72,40.43,20.92,39.40,19.60,44.30,3.61,91.66,20.20,36.74,21.52,41.73,19.85,40.15,2.41,757.48,96.66,3.35,43.28,1.75,28.3208,28.3208
2016-01-14 10:30:00,205,0,21.66,39.60,20.15,39.67,25.12,51.07,20.79,39.76,19.22,47.00,3.55,88.47,20.00,35.02,22.00,42.36,20.33,41.11,2.35,753.09,93.47,5.10,42.48,1.04,40.8169,40.8169
2016-01-14 10:40:00,45,0,21.88,40.04,20.49,39.25,22.07,38.94,20.81,39.49,19.54,47.37,3.63,89.95,20.19,35.94,21.69,42.28,20.30,40.33,2.43,756.26,94.95,3.98,36.57,1.42,39.5603,39.5603
2016-01-14 10:50:00,45,0,21.78,39.06,20.07,40.08,22.06,40.01,20.89,39.10,19.58,44.13,3.35,88.76,19.86,36.95,21.84,42.13,20.27,40.09,2.15,752.65,93.76,2.77,41.03,0.90,16.0999,16.0999
2016-01-14 11:00:00,45,0,21.26,40.50,20.34,40.95,22.12,38.69,20.94,39.48,19.26,47.23,3.64,88.03,19.79,36.17,21.73,42.17,20.31,40.58,2.44,754.14,93.03,3.49,38.98,1.05,8.2738,8.2738
2016-01-14 11:10:00,45,0,21.75,40.31,20.36,39.32,22.28,39.53,21.14,39.30,19.76,45.37,3.17,91.53,20.17,35.68,21.72,42.71,20.06,41.78,1.97,752.56,96.53,5.01,43.84,1.27,38.1604,38.1604
2016-01-14 11:20:00,45,0,21.60,40.00,20.38,39.29,22.22,39.59,21.28,39.56,19.25,44.38,3.10,88.78,19.89,36.87,21.60,41.56,20.02,40.18,1.90,755.66,93.78,2.76,36.52,0.66,9.6009,9.6009
2016-01-14 11:30:00,45,0,21.62,39.28,19.97,40.14,21.72,40.22,20.94,39.71,19.75,44.52,3.51,88.90,19.92,36.69,22.07,41.75,20.21,41.01,2.31,754.84,93.90,3.40,43.77,1.09,13.6157,13.6157
2016-01-14 11:40:00,45,0,21.30,40.64,19.90,40.71,21.87,38.82,20.94,38.15,19.43,45.85,3.64,90.50,19.76,35.93,21.89,42.80,20.08,40.17,2.44,755.72,95.50,4.75,42.41,1.54,36.1253,36.1253
2016-01-14 11:50:00,45,0,21.35,40.99,20.19,40.40,21.99,39.06,20.72,38.31,19.48,46.56,3.71,91.33,19.89,35.06,21.86,41.76,20.36,40.72,2.51,756.61,96.33,3.20,38.29,1.78,21.6453,21.6453
2016-01-14 12:00:00,45,0,21.32,40.27,19.95,39.14,21.94,39.10,21.13,39.74,19.51,46.68,3.31,87.71,19.86,36.66,21.56,42.80,20.01,41.51,2.11,757.21,92.71,5.83,41.84,0.65,8.8976,8.8976
2016-01-14 12:10:00,45,0,21.66,39.71,20.32,39.78,21.71,40.07,21.06,38.16,19.60,46.47,3.23,88.98,19.89,36.97,22.06,42.49,20.24,40.63,2.03,754.85,93.98,4.91,36.61,0.83,8.2243,8.2243
2016-01-14 12:20:00,45,0,21.43,40.04,19.90,39.90,22.20,38.75,20.97,39.94,19.26,44.87,3.40,87.69,20.29,35.84,21.83,41.33,20.03,40.70,2.20,757.19,92.69,2.90,44.70,0.74,46.7141,46.7141
2016-01-14 12:30:00,45,0,21.82,40.00,20.42,40.40,22.09,39.41,20.95,38.70,19.53,46.09,3.98,89.17,20.16,35.23,21.61,41.86,19.91,41.19,2.78,752.09,94.17,5.35,35.16,1.61,27.0526,27.0526
2016-01-14 12:40:00,45,0,21.60,40.85,20.41,40.99,22.18,38.71,21.09,39.23,19.45,45.99,3.46,89.97,20.15,36.85,21.56,41.89,20.15,40.07,2.26,756.13,94.97,4.03,37.83,1.25,14.9154,14.9154
2016-01-14 12:50:00,45,0,21.48,39.25,20.48,40.83,21.95,40.14,21.12,39.48,19.20,45.50,3.57,87.20,19.83,35.57,22.03,41.53,20.30,41.59,2.37,754.73,92.20,3.83,36.96,0.81,20.9064,20.9064
2016-01-14 13:00:00,45,0,21.40,40.63,20.39,40.20,21.90,40.42,21.30,38.48,19.78,44.77,3.48,89.59,20.09,36.66,21.98,42.16,19.88,41.27,2.28,754.49,94.59,2.55,36.53,1.20,47.9131,47.9131
2016-01-14 13:10:00,45,0,21.74,40.01,20.28,40.57,22.21,39.75,20.86,39.11,19.77,44.82,3.50,89.27,19.76,35.87,21.88,42.19,19.82,41.42,2.30,755.10,94.27,4.03,36.00,1.15,45.1885,45.1885
2016-01-14 13:20:00,45,0,21.61,39.72,20.04,40.80,21.88,39.57,20.85,39.56,19.67,47.08,3.50,86.82,20.10,35.55,22.06,42.25,20.18,41.16,2.30,756.45,91.82,2.96,39.54,0.67,5.9641,5.9641
2016-01-14 13:30:00,45,0,21.17,39.99,20.12,40.68,21.93,39.48,20.71,38.15,19.78,44.31,3.99,87.28,20.11,35.75,21.69,42.82,20.29,40.36,2.79,752.64,92.28,3.49,43.95,1.24,1.4867,1.4867
2016-01-14 13:40:00,45,0,21.89,39.97,20.27,40.09,21.80,39.98,21.26,38.39,19.22,44.09,3.81,86.76,20.01,35.30,22.02,41.23,19.93,40.66,2.61,755.64,91.76,2.61,44.76,0.97,11.5485,11.5485
2016-01-14 13:50:00,45,0,21.38,40.10,20.08,40.49,22.00,39.53,20.94,38.39,19.30,46.75,4.48,87.82,20.23,35.56,21.74,42.17,20.26,40.62,3.28,753.61,92.82,4.19,44.53,1.84,39.1168,39.1168
2016-01-14 14:00:00,45,0,21.75,40.25,20.26,39.86,22.04,39.25,21.08,38.13,19.30,44.14,4.83,85.56,20.01,36.17,21.68,42.65,20.19,41.93,3.63,757.30,90.56,3.98,42.47,1.74,17.9082,17.9082
2016-01-14 14:10:00,45,0,21.16,40.31,20.12,40.56,21.77,39.14,20.71,38.66,19.48,47.18,4.03,83.85,20.24,36.12,21.73,42.20,20.12,40.21,2.83,753.94,88.85,5.27,38.58,0.60,14.3463,14.3463
2016-01-14 14:20:00,45,0,21.44,40.51,20.09,39.64,21.82,40.11,21.00,39.98,19.45,44.50,4.74,86.18,19.80,35.65,21.73,42.15,19.97,41.29,3.54,757.16,91.18,2.76,43.93,1.77,42.0929,42.0929
2016-01-14 14:30:00,45,0,21.82,40.84,19.92,40.29,21.74,38.69,21.18,39.45,19.36,47.01,5.25,85.78,19.94,36.11,21.69,42.22,20.04,41.39,4.05,753.71,90.78,5.45,39.03,2.21,22.8199,22.8199
2016-01-14 14:40:00,45,0,21.12,39.10,19.91,39.21,21.89,39.88,20.96,38.34,19.31,47.61,5.25,85.47,19.92,36.81,22.09,42.87,20.32,40.52,4.05,752.73,90.47,3.81,41.18,2.15,38.6773,38.6773
2016-01-14 14:50:00,45,0,21.75,39.54,20.00,39.28,21.98,38.75,21.22,39.51,19.73,47.86,4.66,84.85,19.95,35.89,21.57,42.06,20.15,41.32,3.46,752.45,89.85,3.65,41.13,1.43,47.8648,47.8648
2016-01-14 15:00:00,45,0,21.17,40.12,20.42,40.32,22.14,38.91,20.75,39.94,19.24,44.05,5.02,83.42,19.83,36.64,21.61,41.21,19.93,41.18,3.82,753.35,88.42,3.42,37.96,1.51,26.3269,26.3269
2016-01-14 15:10:00,45,0,21.50,40.83,20.03,39.73,22.29,40.24,21.01,39.56,19.31,45.11,5.71,82.97,19.80,35.61,22.02,42.30,19.89,41.75,4.51,753.87,87.97,4.09,36.54,2.11,36.7612,36.7612
2016-01-14 15:20:00,45,0,21.46,39.53,20.46,39.17,21.96,38.80,21.00,39.02,19.23,45.09,5.25,82.92,19.76,36.30,21.94,41.85,19.98,40.81,4.05,753.12,87.92,2.60,41.62,1.63,29.5144,29.5144
2016-01-14 15:30:00,45,0,21.87,39.44,19.93,39.07,21.86,38.63,20.76,38.45,19.57,46.86,5.70,80.71,19.94,35.20,21.94,42.76,19.96,40.41,4.50,754.60,85.71,4.88,41.46,1.64,38.7149,38.7149
2016-01-14 15:40:00,45,0,21.50,40.40,20.19,39.61,22.24,38.98,20.89,38.14,19.31,47.60,5.68,79.28,19.79,35.03,21.78,41.67,19.91,40.53,4.48,755.58,84.28,5.07,35.94,1.34,4.6949,4.6949
2016-01-14 15:50:00,45,0,21.49,39.50,19.97,40.64,22.04,40.48,21.20,39.05,19.30,44.59,6.18,80.92,19.76,35.61,21.94,41.91,20.24,41.98,4.98,755.56,85.92,5.89,40.83,2.16,13.3523,13.3523
2016-01-14 16:00:00,45,0,21.81,40.55,20.41,40.80,22.06,38.73,21.11,39.46,19.21,47.91,6.15,78.34,20.21,36.32,21.58,42.00,19.95,41.48,4.95,752.08,83.34,3.73,42.10,1.62,47.7179,47.7179
2016-01-14 16:10:00,45,0,21.87,40.75,20.31,40.80,21.97,40.42,21.02,38.53,19.61,47.55,6.19,79.22,19.93,35.83,22.10,41.62,19.82,41.04,4.99,753.16,84.22,5.84,41.39,1.84,17.4772,17.4772
2016-01-14 16:20:00,45,0,21.33,40.94,20.20,40.37,21.98,38.80,21.28,39.25,19.60,45.21,6.62,77.34,19.87,36.60,21.51,41.08,19.97,41.19,5.42,754.73,82.34,5.89,42.92,1.89,3.5533,3.5533
2016-01-14 16:30:00,45,0,21.38,39.57,20.42,40.33,22.16,38.81,20.75,38.54,19.80,44.79,6.48,76.68,20.05,35.16,21.63,41.95,20.01,41.62,5.28,755.96,81.68,2.50,37.51,1.62,31.5781,31.5781
2016-01-14 16:40:00,45,0,21.35,40.13,20.31,39.64,22.05,39.87,20.82,38.27,19.53,45.20,6.77,78.17,19.75,36.13,21.88,42.09,20.03,41.75,5.57,752.59,83.17,3.41,38.02,2.21,21.9709,21.9709
2016-01-14 16:50:00,45,0,21.47,39.86,20.15,39.82,21.72,39.62,21.27,38.84,19.65,46.46,6.66,75.42,19.88,35.49,21.81,41.25,20.13,41.13,5.46,753.88,80.42,5.77,42.13,1.55,15.0805,15.0805
2016-01-14 17:00:00,45,0,21.80,39.92,19.93,39.11,22.20,39.80,20.90,38.19,19.37,45.93,7.46,74.57,19.90,35.12,21.94,42.35,20.24,40.11,6.26,754.42,79.57,2.52,43.07,2.17,10.8431,10.8431
2016-01-14 17:10:00,45,0,21.78,39.60,20.09,40.98,21.70,39.47,21.11,38.23,19.20,46.42,7.02,75.31,19.77,35.19,21.62,41.95,20.30,40.89,5.82,754.97,80.31,3.28,41.76,1.88,3.6714,3.6714
2016-01-14 17:20:00,45,0,21.54,40.64,20.31,40.72,22.07,39.36,21.08,38.37,19.69,46.63,7.17,73.31,19.80,36.48,21.83,41.95,19.97,41.34,5.97,757.90,78.31,5.37,43.42,1.63,47.0364,47.0364
2016-01-14 17:30:00,45,0,21.43,39.85,19.92,39.91,22.04,38.52,20.88,39.29,19.74,46.48,7.72,73.71,19.73,36.81,22.08,41.94,20.23,40.55,6.52,754.35,78.71,4.94,36.07,2.26,48.1242,48.1242
2016-01-14 17:40:00,45,0,21.41,39.13,20.29,39.70,22.13,39.18,21.13,39.57,19.37,47.05,7.75,73.82,19.88,35.79,22.05,42.29,20.03,40.94,6.55,755.02,78.82,3.72,42.06,2.32,32.6306,32.6306
2016-01-14 17:50:00,45,0,21.36,40.91,20.11,40.23,21.94,38.59,21.21,38.32,19.26,44.42,8.14,73.46,20.26,35.95,21.96,42.96,20.29,41.47,6.94,756.65,78.46,4.34,36.29,2.63,12.3576,12.3576
2016-01-14 18:00:00,236,30,21.15,50.22,19.97,40.69,21.74,40.03,21.06,39.68,19.75,45.28,8.64,69.81,20.12,35.76,22.09,42.15,19.92,40.50,7.44,757.35,74.81,5.15,39.20,2.40,22.0007,22.0007
2016-01-14 18:10:00,251,30,21.57,50.26,20.30,39.41,22.19,40.29,20.92,38.82,19.53,44.29,8.10,69.14,19.81,36.46,22.05,42.28,20.10,41.66,6.90,756.88,74.14,5.33,36.92,1.73,28.3778,28.3778
2016-01-14 18:20:00,291,30,21.44,49.75,19.94,39.16,22.17,39.10,20.77,38.46,19.56,45.32,8.42,70.34,19.83,36.88,22.05,41.50,20.22,40.14,7.22,755.35,75.34,2.98,35.67,2.29,42.8307,42.8307
2016-01-14 18:30:00,284,30,21.42,49.11,20.32,39.22,21.98,40.33,20.86,38.06,19.40,45.04,8.31,69.56,19.90,36.53,21.58,42.09,20.24,41.85,7.11,757.12,74.56,5.76,40.00,2.02,32.8401,32.8401
2016-01-14 18:40:00,291,30,21.71,49.07,20.49,40.90,22.06,39.72,20.75,39.10,19.77,45.08,8.63,66.95,19.73,35.07,21.80,42.30,20.06,40.61,7.43,757.69,71.95,5.67,42.03,1.82,41.7920,41.7920
2016-01-14 18:50:00,232,30,21.79,50.36,20.34,40.10,21.73,40.03,21.12,38.86,19.46,44.55,8.57,66.30,19.96,36.79,22.09,41.74,19.92,40.87,7.37,756.64,71.30,5.34,40.34,1.63,3.7803,3.7803
2016-01-14 19:00:00,417,30,21.55,50.98,19.91,40.44,24.75,50.75,20.81,38.09,19.41,46.62,9.29,66.41,19.85,35.58,21.86,41.96,19.87,40.15,8.09,756.48,71.41,5.61,42.93,2.37,13.0095,13.0095
2016-01-14 19:10:00,433,30,21.67,50.88,20.37,39.59,25.02,51.04,21.12,39.01,19.23,47.60,9.34,67.88,20.12,36.24,21.67,41.41,19.88,41.95,8.14,754.14,72.88,5.70,37.20,2.72,12.0657,12.0657
2016-01-14 19:20:00,408,30,21.66,50.30,20.17,39.23,24.72,51.06,20.93,39.65,19.25,45.12,9.21,65.89,20.07,35.99,22.02,41.77,19.83,40.41,8.01,756.90,70.89,3.00,44.78,2.18,9.8525,9.8525
2016-01-14 19:30:00,442,30,21.59,50.79,20.45,40.81,25.05,52.01,20.90,39.66,19.46,45.71,9.19,65.09,20.14,36.47,21.53,41.22,20.03,41.44,7.99,755.25,70.09,3.72,35.26,2.01,33.5425,33.5425
2016-01-14 19:40:00,262,30,21.23,49.76,20.35,40.85,21.71,40.10,21.27,38.17,19.35,46.17,10.21,65.21,19.90,35.79,21.87,41.72,20.20,41.56,9.01,755.44,70.21,4.49,40.19,3.05,39.8925,39.8925
2016-01-14 19:50:00,424,30,21.47,49.88,20.18,40.93,25.21,50.94,20.74,39.88,19.37,46.44,9.53,65.14,19.89,35.13,21.61,42.53,19.97,41.74,8.33,753.93,70.14,3.43,36.79,2.35,7.1067,7.1067
2016-01-14 20:00:00,254,30,21.65,50.72,20.25,39.08,22.13,38.62,21.13,38.52,19.35,46.71,9.68,64.87,20.21,35.71,21.93,42.20,20.01,40.15,8.48,752.30,69.87,2.90,35.39,2.45,22.3030,22.3030
2016-01-14 20:10:00,278,30,21.61,50.75,19.99,39.65,22.17,39.17,20.94,39.30,19.48,47.89,9.89,63.24,20.07,35.32,21.53,42.86,20.35,40.05,8.69,754.23,68.24,5.38,39.16,2.33,30.2338,30.2338
2016-01-14 20:20:00,218,30,21.27,50.66,19.92,40.45,21.93,40.50,20.75,38.15,19.76,44.90,10.27,64.63,20.00,36.15,21.83,41.84,20.24,41.70,9.07,755.05,69.63,4.54,38.44,3.00,26.3323,26.3323
2016-01-14 20:30:00,249,30,21.33,49.49,20.05,40.54,21.92,39.41,21.15,38.23,19.34,46.93,10.35,63.20,20.23,35.72,21.71,42.01,20.35,41.31,9.15,754.65,68.20,3.44,43.36,2.79,30.0505,30.0505
2016-01-14 20:40:00,235,30,21.72,49.82,20.25,39.28,21.86,39.07,20.89,38.16,19.45,47.93,10.40,62.99,20.05,36.27,21.96,42.80,20.33,40.03,9.20,756.96,67.99,2.94,40.38,2.79,6.7979,6.7979
2016-01-14 20:50:00,217,30,21.45,50.38,20.49,39.26,22.22,40.34,21.24,38.71,19.44,46.23,10.63,64.07,20.13,35.24,22.04,42.80,20.15,41.23,9.43,756.46,69.07,2.94,35.34,3.24,48.7184,48.7184
2016-01-14 21:00:00,289,30,21.77,39.58,20.19,39.27,21.81,40.03,21.25,39.87,19.25,47.58,10.90,61.43,20.06,35.74,21.89,41.76,20.06,41.02,9.70,754.69,66.43,3.93,39.50,2.99,29.2279,29.2279
2016-01-14 21:10:00,235,30,21.56,40.69,20.16,39.65,21.89,38.86,20.79,39.63,19.64,47.96,10.34,60.88,19.83,36.04,21.85,42.23,19.86,40.57,9.14,754.05,65.88,4.47,43.97,2.32,6.6905,6.6905
2016-01-14 21:20:00,259,30,21.70,40.85,20.30,39.28,21.82,40.18,21.15,38.05,19.74,47.84,10.76,62.95,20.02,36.60,21.50,42.67,19.82,40.41,9.56,753.73,67.95,5.71,44.89,3.15,46.2067,46.2067
2016-01-14 21:30:00,255,30,21.67,40.69,20.17,39.86,21.86,40.23,21.30,39.46,19.27,45.41,11.13,61.23,19.75,36.59,21.94,41.65,20.10,40.55,9.93,756.99,66.23,3.53,36.10,3.17,31.2699,31.2699
2016-01-14 21:40:00,236,30,21.85,40.59,20.09,40.68,22.10,40.26,20.72,39.27,19.20,44.55,11.24,61.73,19.93,36.89,21.90,41.53,19.89,41.63,10.04,753.89,66.73,5.74,39.33,3.38,36.2109,36.2109
2016-01-14 21:50:00,277,30,21.10,39.13,20.23,39.42,21.81,39.34,20.86,38.76,19.55,46.55,10.71,62.20,19.99,36.31,21.61,41.60,19.94,40.58,9.51,757.70,67.20,5.50,42.49,2.95,24.2829,24.2829
2016-01-14 22:00:00,45,0,21.80,40.51,20.07,40.94,21.90,39.82,20.77,38.93,19.39,44.45,10.96,59.94,20.12,36.41,21.96,41.97,20.28,40.98,9.76,754.89,64.94,2.84,36.12,2.74,20.7761,20.7761
2016-01-14 22:10:00,45,0,21.15,40.54,20.06,39.64,21.93,39.38,20.94,39.82,19.36,46.91,10.84,59.52,19.90,36.64,21.69,41.82,20.14,40.33,9.64,755.04,64.52,5.61,42.83,2.54,10.8976,10.8976
2016-01-14 22:20:00,45,0,21.12,40.44,20.38,39.18,22.12,40.32,21.16,39.11,19.59,46.07,11.26,62.02,19.92,35.40,21.59,42.07,20.32,40.46,10.06,755.68,67.02,3.65,41.05,3.47,39.4617,39.4617
2016-01-14 22:30:00,45,0,21.13,39.04,20.46,39.21,21.94,39.47,20.79,38.60,19.34,47.09,11.58,59.45,19.85,35.54,21.57,42.57,20.19,40.26,10.38,753.29,64.45,5.07,44.40,3.27,36.5452,36.5452
2016-01-14 22:40:00,45,0,21.43,39.03,20.40,40.21,21.79,39.97,21.18,38.39,19.56,45.25,10.95,58.40,19.89,36.02,21.51,41.55,19.92,40.53,9.75,752.44,63.40,5.03,42.62,2.43,32.4904,32.4904
2016-01-14 22:50:00,45,0,21.49,40.82,20.22,39.49,21.71,39.49,20.94,38.75,19.53,44.43,11.17,59.18,19.83,36.95,21.74,41.46,20.02,41.13,9.97,752.56,64.18,5.88,40.61,2.80,31.8553,31.8553
2016-01-14 23:00:00,45,0,21.79,39.98,20.05,39.28,22.07,39.45,21.13,39.13,19.34,47.07,11.03,61.24,19.85,35.62,21.70,41.30,19.99,41.13,9.83,757.85,66.24,2.83,36.69,3.08,20.5136,20.5136
2016-01-14 23:10:00,45,0,21.35,40.30,20.09,40.42,22.01,40.22,21.30,38.16,19.26,46.80,10.70,60.78,19.93,36.51,21.60,42.50,19.90,40.88,9.50,756.53,65.78,5.28,40.46,2.66,47.6520,47.6520
2016-01-14 23:20:00,45,0,21.70,40.09,20.14,39.59,21.96,39.09,21.25,39.35,19.51,46.46,10.72,59.75,19.92,36.30,21.58,42.05,19.92,41.23,9.52,753.02,64.75,5.31,39.87,2.47,35.2948,35.2948
2016-01-14 23:30:00,45,0,21.68,40.70,19.98,40.05,22.20,38.52,20.95,38.30,19.24,47.91,11.19,59.13,19.89,35.38,21.92,42.08,20.00,40.12,9.99,754.78,64.13,5.78,44.27,2.81,23.4973,23.4973
2016-01-14 23:40:00,45,0,21.84,39.55,20.39,40.74,22.05,39.11,21.07,38.81,19.35,46.16,10.80,59.63,20.10,35.15,21.59,42.46,19.97,40.53,9.60,755.35,64.63,3.29,41.29,2.52,5.9115,5.9115
2016-01-14 23:50:00,45,0,21.57,39.55,20.38,40.74,22.10,39.45,20.80,39.57,19.79,44.37,11.40,60.70,20.18,35.29,21.60,42.75,19.99,41.79,10.20,756.60,65.70,3.66,42.72,3.34,3.5051,3.5051
2016-01-15 00:00:00,51,0,21.19,40.12,20.13,39.77,21.98,39.12,21.01,39.06,19.73,47.37,11.08,60.27,20.27,36.89,22.00,42.42,20.30,41.12,9.88,755.99,65.27,3.64,40.00,2.93,24.5245,24.5245
2016-01-15 00:10:00,45,0,21.39,39.93,20.30,40.46,21.83,39.62,21.30,39.88,19.43,44.72,11.20,60.93,20.15,35.02,21.77,42.05,19.80,40.62,10.00,754.61,65.93,3.72,35.25,3.19,5.5172,5.5172
2016-01-15 00:20:00,40,0,21.48,39.09,20.32,39.51,22.08,40.44,21.19,39.73,19.76,47.99,10.71,62.59,20.08,35.98,21.78,42.75,20.25,41.61,9.51,755.64,67.59,2.62,37.75,3.03,2.8333,2.8333
2016-01-15 00:30:00,54,0,21.44,40.69,19.93,40.27,21.74,38.69,21.03,39.97,19.32,46.46,11.29,59.75,19.71,36.67,22.01,41.63,20.23,41.81,10.09,756.42,64.75,5.55,36.32,3.04,29.1687,29.1687
2016-01-15 00:40:00,50,0,21.15,40.65,20.20,40.46,21.75,39.39,20.87,38.40,19.50,44.69,10.84,63.17,20.15,36.68,21.50,41.55,20.01,40.68,9.64,754.42,68.17,5.43,41.70,3.28,28.2723,28.2723
2016-01-15 00:50:00,50,0,21.25,40.18,20.48,40.53,22.17,38.94,20.92,38.16,19.63,44.99,10.81,61.55,20.20,36.28,22.04,41.38,20.25,40.27,9.61,752.70,66.55,2.82,42.30,2.92,3.5601,3.5601
2016-01-15 01:00:00,50,0,21.81,39.35,20.08,40.40,21.86,39.48,21.05,38.70,19.59,45.80,10.34,60.57,20.08,36.66,21.52,42.67,20.03,41.08,9.14,753.89,65.57,3.29,36.88,2.26,11.1118,11.1118
2016-01-15 01:10:00,50,0,21.50,40.66,20.38,39.18,22.16,39.02,20.98,38.06,19.27,46.63,10.42,63.59,19.81,35.28,21.85,41.74,20.03,41.18,9.22,756.78,68.59,3.23,42.00,2.94,2.6248,2.6248
2016-01-15 01:20:00,44,0,21.62,39.20,20.45,39.61,21.98,38.87,20.71,39.62,19.47,46.30,10.61,64.19,19.96,35.80,22.00,41.51,20.02,40.68,9.41,752.05,69.19,3.97,38.35,3.24,33.5707,33.5707
2016-01-15 01:30:00,44,0,21.44,40.55,20.47,39.80,21.72,39.52,21.25,39.77,19.78,47.77,10.84,64.61,19.82,36.94,21.95,41.26,20.00,41.92,9.64,756.58,69.61,5.65,40.07,3.57,47.5756,47.5756
2016-01-15 01:40:00,50,0,21.22,40.77,20.08,39.16,21.84,38.91,20.75,38.49,19.61,47.38,10.53,64.72,19.92,35.95,21.71,41.94,20.21,41.40,9.33,754.75,69.72,3.08,35.01,3.27,44.8160,44.8160
2016-01-15 01:50:00,52,0,21.71,39.27,20.36,40.80,22.19,39.96,20.95,38.79,19.24,45.95,10.48,64.77,20.14,36.17,21.63,42.22,20.26,40.74,9.28,756.58,69.77,2.84,36.29,3.23,17.3128,17.3128
2016-01-15 02:00:00,50,0,21.25,39.42,20.16,39.68,22.09,39.35,20.87,38.77,19.69,44.14,10.14,65.40,20.28,35.84,21.60,42.36,20.30,40.93,8.94,757.49,70.40,4.76,36.38,3.02,4.9667,4.9667
2016-01-15 02:10:00,45,0,21.56,39.77,20.17,39.97,22.28,39.30,21.16,38.61,19.36,46.54,9.50,66.32,20.06,36.60,21.77,41.75,20.08,40.67,8.30,756.82,71.32,2.54,38.19,2.57,26.6812,26.6812
2016-01-15 02:20:00,44,0,21.22,39.67,20.46,40.18,21.82,40.13,21.14,38.91,19.23,45.13,10.06,67.28,19.77,35.98,21.72,42.78,20.21,40.50,8.86,755.19,72.28,3.84,41.75,3.31,17.1982,17.1982
2016-01-15 02:30:00,52,0,21.36,40.27,20.26,39.71,21.72,39.98,20.85,38.17,19.26,46.91,9.95,66.04,20.08,35.86,21.66,42.94,20.21,40.49,8.75,753.07,71.04,3.75,35.18,2.96,40.6274,40.6274
2016-01-15 02:40:00,41,0,21.22,40.95,20.28,40.76,21.93,40.46,20.75,39.85,19.65,45.69,9.73,66.49,19.71,36.90,21.65,42.31,20.33,41.67,8.53,754.75,71.49,2.77,38.73,2.83,21.8049,21.8049
2016-01-15 02:50:00,41,0,21.30,40.60,20.12,39.95,22.16,39.37,21.15,39.56,19.37,46.69,9.04,65.98,20.06,36.82,21.91,41.55,20.04,40.04,7.84,753.82,70.98,4.30,43.54,2.04,20.8876,20.8876
2016-01-15 03:00:00,43,0,21.11,39.65,19.94,39.58,22.13,40.15,21.05,39.27,19.40,45.56,8.97,67.90,20.26,35.03,21.70,41.69,20.07,40.92,7.77,757.86,72.90,3.61,37.21,2.35,36.6434,36.6434
2016-01-15 03:10:00,54,0,21.87,40.26,20.24,39.69,21.82,40.47,20.92,38.58,19.39,46.70,9.24,68.77,19.72,36.25,21.60,41.70,20.06,41.99,8.04,753.53,73.77,2.61,43.52,2.80,2.1236,2.1236
2016-01-15 03:20:00,41,0,21.59,40.70,19.96,39.44,22.30,39.64,20.81,38.32,19.67,46.94,8.95,68.62,19.94,35.82,21.95,41.84,20.16,40.64,7.75,753.41,73.62,5.72,36.32,2.47,18.4324,18.4324
2016-01-15 03:30:00,46,0,21.41,40.72,20.20,39.93,22.20,39.40,21.25,38.36,19.37,46.13,9.12,71.10,19.90,35.93,21.60,42.81,20.03,41.31,7.92,756.57,76.10,3.61,40.36,3.14,47.7639,47.7639
2016-01-15 03:40:00,53,0,21.58,40.46,20.47,39.65,21.85,39.64,20.98,38.18,19.42,46.97,8.70,70.35,20.23,36.31,21.83,42.73,20.31,40.32,7.50,752.83,75.35,4.67,44.99,2.57,18.7151,18.7151
2016-01-15 03:50:00,40,0,21.82,39.41,20.18,39.49,22.06,40.48,21.18,39.95,19.50,44.44,8.08,72.24,20.06,35.66,22.05,41.32,20.08,41.92,6.88,757.53,77.24,3.63,37.93,2.33,1.3304,1.3304
2016-01-15 04:00:00,49,0,21.43,39.52,20.33,39.24,22.17,39.79,21.02,38.05,19.49,46.90,8.41,72.59,19.88,35.80,21.99,42.54,20.02,41.43,7.21,757.97,77.59,5.52,35.70,2.73,25.5549,25.5549
2016-01-15 04:10:00,51,0,21.70,39.22,20.00,39.83,21.90,40.33,21.18,38.42,19.26,46.57,7.99,70.25,19.74,36.80,21.79,41.49,19.96,40.59,6.79,752.88,75.25,3.42,43.25,1.84,22.3443,22.3443
2016-01-15 04:20:00,40,0,21.33,39.44,20.12,39.73,21.87,40.39,20.79,39.27,19.49,45.76,8.09,72.67,19.88,36.49,21.92,41.29,19.98,40.77,6.89,755.57,77.67,5.16,36.48,2.43,31.5646,31.5646
2016-01-15 04:30:00,54,0,21.70,40.99,20.14,40.24,21.80,39.19,20.79,39.71,19.39,45.50,7.43,72.25,20.22,35.97,21.60,42.05,19.91,41.79,6.23,755.51,77.25,3.41,42.21,1.68,1.6832,1.6832
2016-01-15 04:40:00,48,0,21.73,40.30,20.11,39.92,22.25,40.31,21.20,39.69,19.67,46.10,7.39,72.93,19.84,35.41,21.90,41.80,19.86,40.66,6.19,753.35,77.93,3.47,42.78,1.78,4.2255,4.2255
2016-01-15 04:50:00,47,0,21.55,39.50,20.05,40.48,22.11,39.80,20.85,39.38,19.47,44.16,7.41,75.31,20.07,36.10,21.55,41.38,20.30,40.13,6.21,757.24,80.31,5.90,35.56,2.27,44.3504,44.3504
2016-01-15 05:00:00,42,0,21.53,40.56,20.09,40.27,21.82,38.73,20.75,38.39,19.53,44.86,6.76,73.91,19.99,36.14,21.85,42.72,19.87,41.77,5.56,755.51,78.91,4.53,39.64,1.34,38.3150,38.3150
2016-01-15 05:10:00,54,0,21.58,39.99,20.01,40.01,22.01,40.40,20.88,39.73,19.35,45.10,7.33,76.11,20.04,35.62,21.76,42.95,20.37,40.98,6.13,754.74,81.11,2.50,42.55,2.35,16.3220,16.3220
2016-01-15 05:20:00,51,0,21.84,39.89,20.28,40.08,21.81,40.06,21.16,38.43,19.50,45.28,6.82,74.96,20.02,35.21,21.68,42.22,20.14,40.31,5.62,752.39,79.96,4.01,38.05,1.61,8.5066,8.5066
2016-01-15 05:30:00,51,0,21.88,40.31,20.37,40.56,21.86,40.37,20.98,39.71,19.38,44.58,6.96,78.37,19.90,35.71,21.95,41.90,20.06,40.79,5.76,755.66,83.37,3.05,44.57,2.44,21.0219,21.0219
2016-01-15 05:40:00,44,0,21.71,39.04,20.32,39.42,22.13,39.09,20.92,38.64,19.67,45.30,6.41,79.48,20.04,35.40,21.63,42.01,20.31,40.21,5.21,754.12,84.48,5.32,44.75,2.11,12.6706,12.6706
2016-01-15 05:50:00,46,0,21.63,40.38,20.45,39.97,21.87,39.71,20.93,38.20,19.58,45.10,6.31,79.13,19.92,36.85,21.57,41.27,20.25,40.65,5.11,754.82,84.13,5.90,35.46,1.94,38.2117,38.2117
2016-01-15 06:00:00,45,0,21.30,40.15,20.36,39.52,22.02,39.08,20.71,39.54,19.24,47.14,5.82,77.48,20.13,35.63,22.01,42.81,20.07,41.77,4.62,753.79,82.48,3.20,35.88,1.11,9.8387,9.8387
2016-01-15 06:10:00,45,0,21.30,40.50,19.91,39.24,21.95,39.29,20.99,38.10,19.52,47.65,5.97,79.35,20.01,35.03,21.76,41.06,20.10,41.60,4.77,754.00,84.35,4.87,42.04,1.64,38.9266,38.9266
2016-01-15 06:20:00,45,0,21.88,40.56,20.22,40.60,22.21,38.68,21.25,39.22,19.80,47.01,5.82,80.43,20.16,35.86,21.67,41.90,20.33,41.48,4.62,755.81,85.43,5.07,40.65,1.71,32.2213,32.2213
2016-01-15 06:30:00,45,0,21.76,39.86,19.91,40.15,21.70,40.16,20.71,38.45,19.46,45.04,5.24,81.33,19.83,36.35,21.70,41.92,20.20,41.54,4.04,754.04,86.33,4.35,41.93,1.31,28.5730,28.5730
2016-01-15 06:40:00,45,0,21.26,39.36,19.92,40.20,22.21,40.06,21.02,39.91,19.40,45.26,5.36,82.86,19.84,35.42,21.68,41.85,19.96,41.87,4.16,757.20,87.86,3.03,42.73,1.74,11.4273,11.4273
2016-01-15 06:50:00,45,0,21.40,39.89,20.35,40.48,21.93,39.39,20.94,38.41,19.43,47.26,5.21,80.48,19.76,35.35,22.05,42.45,19.87,41.51,4.01,757.39,85.48,4.04,43.34,1.10,6.7772,6.7772
2016-01-15 07:00:00,111,10,21.89,40.60,20.12,39.51,21.77,39.41,20.70,39.61,19.44,47.43,5.19,82.92,19.91,36.89,22.00,41.87,20.31,40.60,3.99,756.50,87.92,3.61,36.91,1.57,48.9859,48.9859
2016-01-15 07:10:00,145,10,21.62,39.65,19.98,39.50,22.04,38.76,20.79,39.39,19.66,44.24,5.19,82.62,20.18,36.73,21.90,41.74,20.05,40.31,3.99,754.83,87.62,5.83,37.75,1.52,9.2762,9.2762
2016-01-15 07:20:00,129,10,21.19,39.32,20.20,39.61,22.08,40.32,20.86,38.64,19.67,45.33,5.37,84.57,20.23,35.07,22.02,42.83,19.83,40.75,4.17,756.86,89.57,3.14,43.79,2.09,29.7284,29.7284
2016-01-15 07:30:00,137,10,21.19,39.95,20.49,40.71,22.02,38.77,21.06,39.27,19.39,45.88,4.42,82.19,20.24,35.26,21.89,41.73,20.17,41.43,3.22,757.38,87.19,2.82,44.88,0.66,23.9339,23.9339
2016-01-15 07:40:00,124,10,21.28,39.16,19.96,39.81,22.23,38.71,20.84,38.37,19.60,45.31,4.98,83.43,20.28,36.34,21.81,42.15,20.33,41.52,3.78,753.32,88.43,2.95,44.42,1.47,7.3219,7.3219
2016-01-15 07:50:00,132,10,21.41,39.10,20.02,39.36,21.79,38.57,21.18,38.32,19.39,46.29,4.66,85.45,19.99,35.69,21.88,42.63,20.15,40.90,3.46,757.61,90.45,2.62,44.06,1.55,11.3121,11.3121
2016-01-15 08:00:00,112,10,21.37,40.79,20.05,40.61,21.99,39.60,21.10,39.34,19.41,46.08,4.42,84.08,19.74,35.73,21.89,42.93,19.88,40.45,3.22,753.68,89.08,5.19,44.24,1.03,22.9568,22.9568
2016-01-15 08:10:00,140,10,21.89,39.17,20.42,40.01,21.94,40.38,21.30,38.39,19.70,44.89,4.30,85.24,19.71,36.47,21.71,42.20,19.89,41.72,3.10,757.24,90.24,3.57,39.36,1.15,26.2022,26.2022
2016-01-15 08:20:00,126,10,21.18,39.33,20.28,40.24,22.21,40.00,20.79,39.88,19.57,47.43,4.00,85.41,19.87,36.92,22.07,41.59,20.34,41.94,2.80,757.68,90.41,4.36,38.74,0.88,43.8997,43.8997
2016-01-15 08:30:00,110,10,21.35,40.85,20.27,40.92,21.74,39.32,20.79,39.64,19.66,47.23,3.66,88.65,20.27,35.48,21.97,42.29,20.03,40.39,2.46,752.00,93.65,3.38,40.56,1.19,41.0478,41.0478
2016-01-15 08:40:00,147,10,21.86,39.30,20.17,40.34,22.16,38.52,20.77,38.62,19.26,46.51,4.39,86.39,19.98,36.32,21.68,41.25,20.25,40.91,3.19,757.36,91.39,2.93,42.40,1.47,4.3793,4.3793
2016-01-15 08:50:00,146,10,21.81,39.23,20.18,40.17,22.23,39.88,21.18,39.52,19.33,44.41,4.24,87.02,20.30,36.21,21.86,41.73,20.32,41.33,3.04,753.63,92.02,5.96,38.82,1.44,41.1620,41.1620
2016-01-15 09:00:00,118,0,21.32,39.50,20.20,39.84,22.20,40.47,20.75,38.20,19.68,44.97,3.66,88.54,20.00,36.18,21.90,41.21,20.27,41.42,2.46,757.19,93.54,3.48,42.24,1.17,27.9122,27.9122
2016-01-15 09:10:00,122,0,21.57,40.59,20.47,40.15,21.77,40.03,20.92,39.35,19.74,45.69,3.53,88.38,19.94,36.49,21.71,42.58,20.31,41.15,2.33,757.55,93.38,3.84,41.02,1.00,26.0927,26.0927
2016-01-15 09:20:00,95,0,21.55,39.05,20.47,39.20,22.25,40.10,21.14,39.70,19.35,47.27,3.89,89.11,19.91,36.95,21.65,41.89,19.83,40.92,2.69,756.67,94.11,4.84,35.26,1.51,48.5668,48.5668
2016-01-15 09:30:00,100,0,21.42,39.70,20.39,40.69,22.21,39.17,21.07,39.48,19.70,44.91,3.80,87.70,20.20,35.20,21.93,42.28,19.99,40.99,2.60,756.62,92.70,4.42,38.22,1.14,9.9372,9.9372
2016-01-15 09:40:00,95,0,21.70,40.92,20.09,39.22,22.05,40.32,21.12,39.12,19.65,46.15,3.21,89.92,19.94,36.39,21.62,41.18,20.16,41.75,2.01,754.10,94.92,5.32,43.96,0.99,20.4226,20.4226
2016-01-15 09:50:00,110,0,21.86,40.63,20.43,39.59,22.04,38.66,21.30,38.89,19.22,46.19,3.60,89.44,20.10,35.55,21.80,42.67,20.39,40.49,2.40,754.38,94.44,5.72,36.04,1.29,11.8400,11.8400
2016-01-15 10:00:00,205,0,21.77,39.83,20.23,40.14,25.21,51.66,21.08,39.78,19.79,46.99,3.05,87.54,20.12,36.96,21.98,41.53,20.02,41.80,1.85,753.46,92.54,2.57,41.12,0.36,45.9723,45.9723
2016-01-15 10:10:00,205,0,21.89,39.49,20.22,39.26,25.17,51.51,20.99,38.63,19.68,46.42,3.11,89.07,20.13,36.44,21.89,42.11,20.39,40.93,1.91,757.75,94.07,2.97,43.60,0.73,28.5644,28.5644
2016-01-15 10:20:00,45,0,21.24,40.12,20.24,39.12,22.22,38.80,21.11,38.13,19.63,46.28,2.81,90.25,20.27,36.46,21.93,41.98,20.22,41.89,1.61,754.98,95.25,4.03,44.53,0.66,48.3379,48.3379
2016-01-15 10:30:00,205,0,21.56,40.75,20.47,39.29,25.11,51.13,20.70,39.22,19.63,45.43,2.95,89.68,19.77,36.95,21.87,42.06,20.24,41.47,1.75,755.23,94.68,4.86,38.31,0.69,12.9424,12.9424
2016-01-15 10:40:00,205,0,21.50,39.24,19.95,40.89,25.27,51.27,20.94,39.39,19.28,45.37,3.32,90.98,19.76,35.71,21.92,42.76,20.10,40.37,2.12,753.08,95.98,3.13,41.49,1.31,20.2685,20.2685
2016-01-15 10:50:00,45,0,21.52,39.04,20.26,40.96,21.92,38.84,21.28,39.06,19.20,45.54,2.93,91.93,19.72,36.81,21.84,42.72,20.37,40.38,1.73,755.80,96.93,3.69,42.52,1.12,30.8019,30.8019
2016-01-15 11:00:00,45,0,21.58,40.15,20.43,40.41,22.23,38.85,20.79,39.64,19.22,44.16,2.88,88.87,20.02,36.92,22.06,42.61,19.99,40.58,1.68,754.07,93.87,5.55,44.13,0.46,17.7546,17.7546
2016-01-15 11:10:00,45,0,21.90,40.84,20.46,40.86,22.03,39.28,20.97,38.23,19.53,45.35,2.88,90.06,19.92,35.48,21.99,41.38,20.04,40.72,1.68,757.40,95.06,4.24,41.04,0.70,44.9973,44.9973
2016-01-15 11:20:00,45,0,21.18,40.04,20.30,39.64,22.02,39.65,21.02,38.79,19.53,44.80,3.64,91.19,19.89,35.90,21.62,42.89,20.06,40.87,2.44,757.46,96.19,4.98,43.39,1.67,4.9547,4.9547
2016-01-15 11:30:00,45,0,21.89,40.54,20.36,40.40,22.02,38.58,21.27,38.61,19.55,47.60,2.76,88.29,20.03,36.28,21.94,42.07,19.83,40.61,1.56,755.37,93.29,4.63,38.06,0.22,10.0355,10.0355
2016-01-15 11:40:00,45,0,21.52,39.36,20.12,40.40,22.25,38.70,21.27,39.78,19.63,44.29,3.72,87.98,19.82,35.41,21.88,41.03,20.35,40.41,2.52,756.95,92.98,5.56,42.39,1.12,34.0907,34.0907
2016-01-15 11:50:00,45,0,21.89,40.97,20.40,39.74,22.20,38.59,20.79,38.49,19.60,47.53,3.72,87.66,19.95,36.14,22.02,42.25,19.92,41.76,2.52,753.44,92.66,5.35,43.31,1.05,36.3584,36.3584
2016-01-15 12:00:00,45,0,21.82,40.63,20.19,40.20,22.08,39.29,21.12,38.90,19.60,44.89,3.11,90.25,20.08,35.23,22.04,41.98,19.91,40.65,1.91,754.50,95.25,3.95,37.78,0.96,46.2881,46.2881
2016-01-15 12:10:00,45,0,21.33,40.14,19.97,39.24,22.19,40.27,21.27,39.11,19.50,44.51,3.14,90.03,20.30,35.94,21.57,41.46,20.30,40.37,1.94,757.58,95.03,3.89,40.36,0.95,37.6020,37.6020
2016-01-15 12:20:00,45,0,21.58,39.08,20.46,40.53,21.81,38.92,20.89,39.14,19.77,45.37,3.75,88.06,20.27,36.84,21.71,41.40,20.19,40.78,2.55,755.69,93.06,4.03,36.43,1.16,8.3487,8.3487
2016-01-15 12:30:00,45,0,21.45,40.74,19.94,39.49,22.02,39.61,20.79,39.93,19.23,46.74,3.30,87.11,19.95,36.07,21.87,41.34,20.36,40.74,2.10,753.10,92.11,3.18,41.58,0.52,7.8874,7.8874
2016-01-15 12:40:00,45,0,21.71,39.24,20.03,40.26,22.04,38.65,21.09,39.82,19.76,46.58,3.18,87.53,19.87,36.23,21.77,42.50,20.21,41.23,1.98,754.29,92.53,4.47,43.14,0.48,17.5670,17.5670
2016-01-15 12:50:00,45,0,21.39,39.29,20.28,39.35,22.28,40.50,21.23,38.74,19.21,47.22,4.14,88.13,19.79,35.92,21.93,42.08,19.94,40.80,2.94,757.52,93.13,3.04,40.36,1.56,41.3265,41.3265
2016-01-15 13:00:00,45,0,21.46,39.78,20.12,39.65,21.94,39.95,20.82,38.43,19.31,44.78,3.59,89.76,20.22,36.32,21.87,42.80,20.13,41.53,2.39,754.53,94.76,3.96,42.33,1.34,20.5940,20.5940
2016-01-15 13:10:00,45,0,21.34,40.67,20.36,40.25,21.73,38.93,21.03,38.31,19.43,46.07,3.97,86.50,19.81,35.89,21.92,41.77,20.20,40.55,2.77,752.85,91.50,2.88,41.52,1.07,36.8066,36.8066
2016-01-15 13:20:00,45,0,21.43,39.94,20.42,39.26,22.26,39.13,21.26,39.22,19.64,47.50,3.99,85.91,20.11,36.57,21.55,41.02,20.32,40.11,2.79,754.41,90.91,5.24,36.98,0.97,41.9248,41.9248
2016-01-15 13:30:00,45,0,21.77,39.73,20.45,40.17,22.20,39.45,21.12,38.58,19.26,46.25,3.84,88.51,20.24,35.30,21.75,42.06,20.17,40.32,2.64,753.22,93.51,3.03,37.13,1.34,27.5114,27.5114
2016-01-15 13:40:00,45,0,21.63,39.29,20.17,40.51,21.78,39.26,20.93,38.34,19.21,46.75,4.11,88.42,20.19,36.86,21.85,41.36,20.34,41.94,2.91,756.14,93.42,5.66,44.76,1.59,46.4370,46.4370
2016-01-15 13:50:00,45,0,21.21,39.60,20.14,39.30,22.30,40.08,21.10,39.92,19.39,46.85,4.32,87.60,20.27,35.17,21.86,42.60,19.81,41.78,3.12,757.93,92.60,5.60,35.69,1.64,21.0515,21.0515
2016-01-15 14:00:00,45,0,21.83,39.98,20.44,39.10,21.84,39.11,20.97,38.87,19.22,47.00,4.04,87.01,20.16,35.92,21.55,42.10,19.88,41.96,2.84,753.15,92.01,3.48,40.20,1.24,30.9601,30.9601
2016-01-15 14:10:00,45,0,21.13,40.34,20.32,39.67,22.18,40.21,21.17,38.81,19.41,47.77,4.73,83.21,20.13,36.10,21.79,41.53,20.35,41.84,3.53,754.28,88.21,5.67,38.80,1.17,5.0702,5.0702
2016-01-15 14:20:00,45,0,21.74,39.21,19.94,39.75,21.79,40.10,21.17,39.73,19.21,44.05,4.80,83.92,20.18,36.74,21.87,41.31,20.18,41.74,3.60,755.05,88.92,2.90,43.11,1.38,23.1166,23.1166
2016-01-15 14:30:00,45,0,21.26,40.49,19.95,39.18,22.27,38.51,21.17,38.47,19.23,44.32,5.14,85.28,19.89,36.06,21.79,41.39,20.39,41.21,3.94,752.63,90.28,2.93,42.04,1.99,9.9311,9.9311
2016-01-15 14:40:00,45,0,21.11,39.35,20.02,39.29,22.03,40.45,21.12,39.41,19.25,44.75,4.69,84.31,19.89,36.98,21.60,42.27,20.16,41.20,3.49,757.19,89.31,2.71,36.85,1.36,25.3194,25.3194
2016-01-15 14:50:00,45,0,21.62,40.94,20.05,40.51,21.74,38.63,20.91,39.47,19.57,47.27,4.84,82.77,19.75,36.53,21.93,41.02,20.25,40.18,3.64,756.95,87.77,5.07,40.31,1.19,29.2307,29.2307
2016-01-15 15:00:00,45,0,21.31,40.68,20.17,40.48,21.99,39.50,21.16,38.63,19.80,44.76,5.62,81.95,20.05,35.09,21.71,41.93,20.08,41.85,4.42,756.09,86.95,4.87,35.66,1.81,41.6311,41.6311
2016-01-15 15:10:00,45,0,21.70,39.84,19.91,39.28,21.89,40.48,21.08,38.80,19.21,47.17,5.83,81.78,20.10,35.35,21.86,41.37,19.86,40.78,4.63,757.39,86.78,4.08,36.42,1.98,8.1952,8.1952
2016-01-15 15:20:00,45,0,21.54,39.46,20.19,40.45,21.96,40.39,20.80,39.94,19.24,47.85,5.35,79.43,19.74,35.65,21.79,41.58,19.94,41.89,4.15,754.35,84.43,3.56,44.55,1.03,39.5739,39.5739
2016-01-15 15:30:00,45,0,21.65,39.86,19.97,39.26,21.87,39.95,21.18,39.73,19.42,47.88,5.59,78.79,19.74,35.89,21.75,41.42,20.00,40.47,4.39,753.85,83.79,3.06,41.30,1.14,42.8499,42.8499
2016-01-15 15:40:00,45,0,21.56,39.66,20.02,39.25,21.89,39.77,21.28,38.46,19.56,44.95,5.64,81.79,20.19,35.98,21.78,41.04,20.11,40.19,4.44,757.84,86.79,5.25,40.55,1.80,37.0092,37.0092
2016-01-15 15:50:00,45,0,21.87,39.53,20.17,40.55,22.17,39.05,20.79,39.70,19.24,44.99,6.12,77.84,20.08,35.65,21.99,41.97,19.89,40.55,4.92,754.95,82.84,4.61,43.91,1.49,16.3617,16.3617
2016-01-15 16:00:00,45,0,21.87,40.20,19.97,40.47,22.14,38.89,21.18,38.56,19.67,45.69,6.65,79.30,20.19,35.02,21.66,41.29,19.82,41.30,5.45,755.22,84.30,5.38,41.46,2.31,37.5939,37.5939
2016-01-15 16:10:00,45,0,21.54,40.19,20.36,39.22,21.86,39.05,21.12,38.91,19.30,44.51,5.91,78.11,20.27,35.25,22.02,42.11,20.02,40.63,4.71,757.46,83.11,3.02,41.26,1.33,35.5841,35.5841
2016-01-15 16:20:00,45,0,21.77,39.07,20.07,40.13,22.04,40.27,20.73,39.43,19.28,44.26,6.56,78.12,19.74,35.30,21.81,42.88,19.94,41.51,5.36,755.88,83.12,3.88,38.27,1.98,47.6713,47.6713
2016-01-15 16:30:00,45,0,21.52,40.28,20.14,39.31,22.19,40.13,20.97,38.23,19.75,45.04,6.52,76.61,19.84,36.29,21.83,41.10,20.31,40.45,5.32,756.51,81.61,4.22,40.45,1.64,3.0350,3.0350
2016-01-15 16:40:00,45,0,21.36,40.51,20.30,39.04,22.16,39.48,21.10,39.39,19.53,44.16,6.57,75.24,20.05,35.42,21.85,41.01,20.22,41.16,5.37,752.92,80.24,5.55,40.01,1.42,18.6697,18.6697
2016-01-15 16:50:00,45,0,21.70,39.56,20.23,40.02,21.80,38.90,21.06,38.67,19.40,45.04,7.42,74.31,19.77,35.57,21.52,42.21,20.19,41.02,6.22,753.28,79.31,4.38,44.15,2.09,20.4732,20.4732
2016-01-15 17:00:00,45,0,21.26,40.14,20.35,40.67,22.10,40.27,21.19,38.72,19.23,46.50,6.88,73.17,20.04,36.77,21.65,42.02,19.99,40.43,5.68,756.83,78.17,5.10,43.74,1.32,9.6841,9.6841
2016-01-15 17:10:00,45,0,21.41,40.51,20.45,39.96,22.06,40.09,21.10,39.88,19.25,44.43,7.21,74.34,19.70,35.06,21.53,41.02,19.96,40.00,6.01,756.32,79.34,5.02,39.58,1.88,22.3629,22.3629
2016-01-15 17:20:00,45,0,21.88,40.48,20.12,39.56,22.09,39.09,20.72,38.24,19.29,45.83,7.78,75.54,20.26,36.97,22.05,41.24,20.18,41.90,6.58,752.58,80.54,3.79,41.46,2.68,39.0526,39.0526
2016-01-15 17:30:00,45,0,21.46,40.77,20.32,39.55,21.71,39.63,20.74,39.38,19.33,45.59,8.10,74.77,19.93,35.07,21.76,41.93,19.91,40.03,6.90,753.05,79.77,2.89,42.25,2.86,44.0756,44.0756
2016-01-15 17:40:00,45,0,21.26,39.53,20.30,40.93,21.81,39.88,21.19,39.99,19.23,46.25,8.05,74.23,20.21,36.12,21.92,42.58,20.23,41.49,6.85,757.26,79.23,4.98,42.19,2.70,14.7528,14.7528
2016-01-15 17:50:00,45,0,21.82,40.45,20.22,39.64,22.08,39.31,21.05,38.74,19.79,47.07,7.65,71.22,19.79,36.35,22.03,42.35,20.04,41.92,6.45,756.92,76.22,4.41,38.73,1.70,5.1494,5.1494
2016-01-15 18:00:00,284,30,21.53,50.36,20.43,39.69,22.25,40.47,20.79,38.68,19.58,46.98,7.99,69.67,20.21,36.15,22.09,42.58,20.29,40.79,6.79,757.55,74.67,4.76,39.51,1.72,40.5253,40.5253
2016-01-15 18:10:00,265,30,21.54,50.88,20.34,40.37,22.17,39.48,20.90,39.67,19.42,47.75,8.89,70.67,20.01,36.64,21.63,41.70,20.04,41.50,7.69,755.12,75.67,4.51,37.55,2.83,6.1085,6.1085
2016-01-15 18:20:00,219,30,21.73,50.01,19.96,39.29,21.74,40.40,20.85,38.81,19.70,46.17,8.52,71.21,19.76,36.63,21.51,41.06,19.87,40.37,7.32,757.37,76.21,3.16,35.01,2.56,38.2513,38.2513
2016-01-15 18:30:00,221,30,21.66,49.60,20.13,39.42,21.96,39.68,20.99,39.23,19.23,45.97,8.48,71.06,19.72,35.64,21.52,42.40,20.32,40.77,7.28,754.53,76.06,3.75,39.03,2.50,26.8728,26.8728
2016-01-15 18:40:00,282,30,21.12,49.08,20.19,40.81,21.98,39.59,20.75,39.45,19.63,47.69,9.08,69.14,19.97,36.50,21.64,42.97,19.82,40.62,7.88,754.11,74.14,5.90,39.90,2.71,38.3039,38.3039
2016-01-15 18:50:00,240,30,21.72,50.87,20.17,40.00,21.98,39.89,20.93,39.85,19.59,44.19,8.76,67.72,20.05,36.40,21.79,42.80,19.98,40.33,7.56,752.06,72.72,2.95,43.63,2.11,14.9338,14.9338
2016-01-15 19:00:00,419,30,21.10,50.55,20.38,40.81,24.73,50.87,20.90,39.37,19.71,44.91,8.81,66.12,19.97,36.40,22.05,41.20,19.88,41.48,7.61,757.02,71.12,3.20,39.86,1.83,46.4403,46.4403
2016-01-15 19:10:00,267,30,21.66,50.27,19.96,39.95,22.03,39.34,20.74,38.53,19.77,45.43,9.29,66.41,19.94,36.84,22.04,42.75,19.87,40.32,8.09,756.19,71.41,2.57,40.25,2.37,28.3802,28.3802
2016-01-15 19:20:00,282,30,21.73,49.37,20.15,40.12,21.79,38.77,21.12,38.02,19.24,47.15,9.44,68.38,19.77,36.33,21.85,41.02,20.33,40.27,8.24,754.24,73.38,3.42,35.67,2.92,45.1951,45.1951
2016-01-15 19:30:00,218,30,21.41,50.27,20.22,40.61,21.78,39.52,21.22,38.14,19.51,47.95,9.94,64.62,20.04,35.49,21.95,42.68,20.02,40.45,8.74,754.85,69.62,4.18,35.99,2.66,13.5985,13.5985
2016-01-15 19:40:00,380,30,21.84,49.78,20.26,40.73,24.78,51.73,21.17,39.78,19.59,47.02,9.70,66.84,19.79,36.20,21.67,42.55,20.06,40.06,8.50,756.68,71.84,2.60,41.72,2.87,4.1840,4.1840
2016-01-15 19:50:00,381,30,21.47,50.61,20.45,39.61,24.90,51.12,21.27,39.02,19.43,47.48,10.29,63.45,20.11,36.39,22.05,42.21,20.20,41.15,9.09,755.85,68.45,3.79,38.93,2.78,23.5277,23.5277
2016-01-15 20:00:00,285,30,21.31,49.54,20.07,40.03,21.89,40.31,21.24,39.13,19.41,45.23,10.02,63.76,20.20,36.04,21.75,41.53,20.05,41.32,8.82,755.10,68.76,4.71,37.52,2.57,37.8791,37.8791
2016-01-15 20:10:00,259,30,21.53,49.64,20.38,40.16,21.80,39.95,21.23,39.28,19.32,47.16,9.79,65.02,20.20,35.37,21.89,41.99,19.95,40.97,8.59,753.77,70.02,4.90,38.61,2.59,13.9955,13.9955
2016-01-15 20:20:00,244,30,21.75,50.97,19.90,39.38,22.26,40.36,20.97,39.98,19.55,45.11,10.30,62.09,20.04,35.40,21.53,41.86,20.39,41.19,9.10,755.64,67.09,3.38,44.67,2.52,23.8657,23.8657
2016-01-15 20:30:00,259,30,21.78,49.55,20.23,39.54,22.17,40.35,21.11,38.41,19.73,46.27,9.99,61.82,19.71,35.68,21.87,41.55,20.06,40.46,8.79,754.17,66.82,5.30,35.55,2.16,30.6790,30.6790
2016-01-15 20:40:00,227,30,21.35,49.44,20.38,40.65,21.82,39.73,21.27,38.18,19.64,47.91,10.24,62.92,19.86,35.97,21.56,42.69,19.93,40.92,9.04,757.04,67.92,3.03,40.54,2.63,8.9508,8.9508
2016-01-15 20:50:00,239,30,21.58,49.77,20.03,39.20,21.75,39.92,20.97,39.48,19.43,46.46,10.29,60.78,19.93,36.08,21.66,42.76,20.09,41.58,9.09,753.43,65.78,3.58,40.80,2.25,26.1489,26.1489
2016-01-15 21:00:00,250,30,21.66,40.20,20.32,39.76,22.17,38.91,20.89,38.81,19.35,45.16,10.66,62.47,19.84,36.20,21.78,41.05,20.36,40.49,9.46,757.03,67.47,4.62,38.73,2.96,34.4839,34.4839
2016-01-15 21:10:00,221,30,21.68,40.82,19.95,39.51,21.84,39.23,21.30,38.96,19.30,47.41,11.05,61.25,20.09,36.20,21.99,42.69,20.39,40.73,9.85,754.07,66.25,3.83,39.91,3.10,37.5141,37.5141
2016-01-15 21:20:00,257,30,21.85,39.91,20.08,40.72,21.87,40.33,20.84,38.62,19.51,44.93,11.24,59.77,19.76,35.10,21.89,42.57,20.37,41.88,10.04,756.17,64.77,2.68,35.79,3.00,9.4453,9.4453
2016-01-15 21:30:00,254,30,21.67,39.13,19.96,40.63,21.81,38.75,20.98,39.52,19.63,44.61,11.34,62.72,20.26,35.49,21.51,42.71,20.26,41.03,10.14,753.42,67.72,5.33,36.95,3.68,1.9945,1.9945
2016-01-15 21:40:00,257,30,21.79,40.67,20.24,39.56,21.85,38.85,20.77,38.50,19.58,47.02,10.52,59.44,19.74,35.75,21.50,41.92,20.28,41.36,9.32,752.29,64.44,3.05,36.32,2.20,19.9608,19.9608
2016-01-15 21:50:00,239,30,21.58,40.44,20.35,40.50,22.01,39.32,21.00,39.00,19.68,44.83,10.92,60.79,20.06,35.74,21.68,42.21,20.05,40.75,9.72,757.77,65.79,5.80,38.54,2.88,18.9339,18.9339
2016-01-15 22:00:00,45,0,21.79,40.58,20.35,40.30,21.88,38.99,20.71,38.45,19.46,45.95,10.76,58.58,19.98,35.93,22.03,41.93,20.05,40.10,9.56,754.61,63.58,4.73,36.47,2.28,46.4908,46.4908
2016-01-15 22:10:00,45,0,21.41,40.31,20.16,40.20,21.91,39.53,20.99,39.87,19.72,45.92,11.50,62.05,19.91,35.39,22.05,41.33,20.40,40.29,10.30,753.77,67.05,2.69,39.65,3.71,35.1330,35.1330
2016-01-15 22:20:00,45,0,21.42,40.60,20.18,40.24,21.87,38.60,21.01,38.25,19.46,45.95,10.91,58.33,20.16,35.07,21.97,42.46,20.14,40.13,9.71,753.31,63.33,4.32,35.24,2.37,47.4702,47.4702
2016-01-15 22:30:00,45,0,21.31,39.28,20.45,39.19,21.93,39.29,20.73,38.61,19.77,44.78,11.60,59.64,20.04,35.84,22.00,41.30,20.13,40.51,10.40,755.96,64.64,4.04,42.23,3.33,44.9714,44.9714
2016-01-15 22:40:00,45,0,21.15,39.94,20.49,40.85,22.00,38.66,20.98,39.80,19.57,47.92,10.69,58.32,20.21,36.91,21.65,42.12,20.33,41.63,9.49,757.15,63.32,3.43,39.83,2.15,16.8688,16.8688
2016-01-15 22:50:00,45,0,21.65,40.61,20.37,39.49,22.19,39.37,20.86,39.88,19.38,47.89,11.36,60.12,20.29,35.10,21.86,42.60,19.95,41.65,10.16,756.01,65.12,5.42,40.90,3.19,27.6407,27.6407
2016-01-15 23:00:00,45,0,21.18,40.08,20.12,40.49,21.95,39.16,20.75,38.32,19.49,47.71,11.54,58.88,19.74,35.63,22.03,41.87,20.29,40.31,10.34,757.74,63.88,4.13,36.53,3.12,23.7124,23.7124
2016-01-15 23:10:00,45,0,21.49,40.92,20.25,39.81,22.21,39.07,21.07,38.33,19.30,45.31,10.73,61.76,19.93,35.17,21.55,42.59,19.81,41.08,9.53,752.71,66.76,3.32,43.79,2.88,24.6471,24.6471
2016-01-15 23:20:00,45,0,21.10,39.36,19.98,40.97,21.92,39.87,21.20,38.71,19.54,44.16,10.78,61.94,20.24,35.66,21.52,42.17,20.39,41.23,9.58,756.85,66.94,4.77,44.92,2.96,40.4286,40.4286
2016-01-15 23:30:00,45,0,21.57,40.23,20.22,40.66,21.87,38.63,21.06,38.52,19.59,46.80,10.86,58.81,19.76,36.21,21.91,41.06,20.31,41.33,9.66,754.35,63.81,5.98,36.08,2.42,34.3556,34.3556
2016-01-15 23:40:00,45,0,21.42,40.61,20.04,40.97,21.89,39.15,20.84,38.30,19.29,44.32,11.45,59.66,20.05,35.24,21.56,41.90,19.89,40.15,10.25,755.05,64.66,3.53,42.06,3.18,37.9776,37.9776
2016-01-15 23:50:00,45,0,21.62,40.89,20.23,40.18,22.26,38.92,20.98,38.07,19.29,44.77,11.29,60.67,19.74,35.06,22.01,41.50,19.91,41.00,10.09,756.31,65.67,4.02,36.23,3.23,32.5998,32.5998
2016-01-16 00:00:00,53,0,21.87,39.84,20.09,40.83,22.04,39.90,20.70,39.57,19.77,45.66,10.96,61.35,19.99,36.98,21.59,42.77,19.94,41.21,9.76,753.94,66.35,2.97,38.27,3.03,46.9390,46.9390
2016-01-16 00:10:00,54,0,21.74,39.75,19.90,39.97,22.19,39.50,20.83,38.67,19.60,46.95,11.24,60.37,20.00,36.06,22.03,42.99,20.17,41.22,10.04,756.63,65.37,4.71,42.11,3.11,21.8770,21.8770
2016-01-16 00:20:00,40,0,21.70,39.09,20.10,39.81,22.08,40.08,20.98,39.76,19.76,47.66,11.26,60.72,20.07,35.46,21.69,42.18,20.07,40.60,10.06,756.31,65.72,4.41,40.39,3.20,32.2986,32.2986
2016-01-16 00:30:00,40,0,21.13,40.90,20.17,39.79,21.96,40.42,21.18,38.55,19.69,46.19,10.62,62.76,19.95,36.00,22.07,42.59,20.18,40.61,9.42,753.52,67.76,3.43,40.31,2.98,29.8118,29.8118
2016-01-16 00:40:00,53,0,21.29,40.98,20.24,39.66,22.03,38.90,21.11,38.16,19.59,47.79,11.31,60.26,19.71,35.26,21.95,41.52,20.19,41.34,10.11,755.97,65.26,3.51,36.16,3.17,20.9476,20.9476
2016-01-16 00:50:00,46,0,21.53,40.10,19.94,40.97,22.22,40.21,20.70,38.48,19.67,47.18,10.45,60.35,20.27,36.93,21.57,41.90,19.87,41.53,9.25,752.59,65.35,5.76,38.09,2.32,38.4178,38.4178
2016-01-16 01:00:00,45,0,21.38,39.78,20.01,40.89,22.14,40.32,21.07,39.94,19.66,47.97,10.29,62.68,19.80,35.68,21.81,42.38,19.92,41.98,9.09,753.67,67.68,2.79,42.89,2.62,37.3511,37.3511
2016-01-16 01:10:00,46,0,21.75,39.42,20.01,40.27,22.16,40.00,20.74,39.99,19.34,46.63,10.41,61.91,20.25,35.99,21.96,41.77,20.19,40.40,9.21,756.54,66.91,2.86,40.12,2.59,3.0143,3.0143
2016-01-16 01:20:00,44,0,21.43,40.68,20.48,40.72,21.75,40.19,21.06,39.12,19.27,44.54,9.98,62.13,20.00,36.99,21.94,41.68,20.17,40.06,8.78,757.93,67.13,5.77,41.49,2.21,41.0909,41.0909
2016-01-16 01:30:00,53,0,21.34,40.93,19.98,39.52,21.93,38.81,20.90,38.82,19.24,46.12,10.19,64.39,19.75,35.62,21.68,41.05,20.39,40.66,8.99,753.76,69.39,5.51,35.55,2.86,35.1664,35.1664
2016-01-16 01:40:00,48,0,21.31,39.67,20.43,39.37,21.83,40.10,20.84,38.55,19.70,46.20,10.70,63.92,20.02,36.72,21.99,42.10,20.15,41.38,9.50,757.11,68.92,3.77,35.95,3.28,15.2659,15.2659
2016-01-16 01:50:00,42,0,21.44,40.32,20.06,39.10,21.74,40.40,21.05,38.21,19.49,45.88,9.95,65.52,19.92,36.08,21.66,42.18,20.14,41.59,8.75,756.51,70.52,2.64,44.19,2.85,4.9364,4.9364
2016-01-16 02:00:00,42,0,21.27,40.42,20.00,40.91,22.22,39.52,21.29,38.01,19.51,45.09,10.18,64.67,20.18,36.55,21.61,42.10,19.84,40.42,8.98,757.20,69.67,4.71,35.17,2.91,33.0103,33.0103
2016-01-16 02:10:00,40,0,21.33,39.50,20.41,39.25,21.95,39.80,21.00,39.96,19.44,44.76,9.93,64.24,19.85,35.26,21.61,42.28,19.87,41.34,8.73,754.43,69.24,4.57,44.11,2.58,7.3575,7.3575
2016-01-16 02:20:00,46,0,21.27,40.92,20.24,40.30,22.13,40.16,20.71,38.21,19.32,44.58,10.27,66.34,20.13,36.57,22.02,41.65,20.05,41.32,9.07,756.39,71.34,4.89,36.33,3.34,33.6551,33.6551
2016-01-16 02:30:00,51,0,21.79,40.32,20.19,40.90,21.96,39.00,20.96,38.32,19.67,47.33,9.34,66.41,20.15,36.05,21.62,41.22,19.97,40.57,8.14,753.24,71.41,3.74,43.70,2.42,9.4989,9.4989
2016-01-16 02:40:00,45,0,21.28,39.40,20.42,40.68,22.28,39.04,20.99,38.88,19.28,47.12,9.47,67.45,20.09,35.77,22.09,42.10,20.19,40.29,8.27,752.39,72.45,4.09,38.03,2.76,13.8484,13.8484
2016-01-16 02:50:00,44,0,21.42,39.13,20.47,39.21,22.24,39.00,20.85,39.92,19.76,47.42,9.10,65.34,20.04,36.85,22.05,42.26,20.39,40.01,7.90,757.17,70.34,4.31,38.10,1.97,47.0138,47.0138
2016-01-16 03:00:00,51,0,21.19,39.61,20.36,39.50,22.18,39.67,21.08,39.34,19.78,46.26,9.39,67.72,19.91,35.76,21.87,42.78,19.99,41.72,8.19,755.41,72.72,2.51,36.93,2.73,18.1303,18.1303
2016-01-16 03:10:00,46,0,21.18,40.79,20.04,40.73,21.82,39.32,21.30,38.15,19.61,47.90,9.08,68.05,19.96,35.27,21.94,41.44,19.86,40.51,7.88,754.58,73.05,4.47,41.90,2.49,45.0738,45.0738
2016-01-16 03:20:00,53,0,21.84,40.22,19.96,39.50,22.06,39.99,21.26,38.48,19.49,45.11,9.38,69.23,19.80,36.51,21.94,42.85,20.09,41.98,8.18,757.34,74.23,5.63,35.93,3.03,39.1947,39.1947
2016-01-16 03:30:00,40,0,21.66,40.87,20.35,40.11,21.80,39.98,21.29,39.14,19.60,44.77,8.33,69.27,20.19,35.47,21.53,41.36,20.30,40.40,7.13,753.38,74.27,4.51,35.00,1.99,15.1600,15.1600
2016-01-16 03:40:00,46,0,21.39,40.51,20.36,40.67,21.96,39.88,21.20,38.32,19.43,44.69,8.52,70.34,19.72,35.35,22.01,41.84,19.85,40.32,7.32,752.19,75.34,5.04,42.24,2.39,4.5142,4.5142
2016-01-16 03:50:00,49,0,21.81,40.06,20.44,40.18,22.28,39.67,20.90,38.91,19.70,46.38,8.34,71.29,20.10,35.43,21.77,41.34,20.30,40.89,7.14,753.00,76.29,5.00,42.14,2.40,16.1550,16.1550
2016-01-16 04:00:00,53,0,21.72,39.93,19.95,40.16,22.18,38.75,20.73,39.47,19.52,47.43,8.66,72.31,20.04,35.79,21.89,42.42,20.29,40.11,7.46,757.01,77.31,3.19,37.96,2.92,9.6300,9.6300
2016-01-16 04:10:00,46,0,21.16,40.08,19.95,40.05,21.76,39.02,21.03,39.66,19.23,45.96,8.36,70.72,20.20,35.28,21.97,42.40,19.85,40.30,7.16,752.30,75.72,5.50,40.44,2.31,22.2327,22.2327
2016-01-16 04:20:00,51,0,21.89,39.68,19.92,39.02,21.72,39.83,20.71,39.62,19.22,45.29,8.03,70.72,20.15,36.62,21.85,41.17,19.91,41.91,6.83,756.56,75.72,4.11,41.81,1.97,5.7165,5.7165
2016-01-16 04:30:00,52,0,21.68,40.98,20.09,40.34,22.18,39.51,20.87,38.58,19.30,46.18,7.76,72.53,19.79,36.34,21.82,41.57,20.11,41.54,6.56,756.72,77.53,5.12,41.05,2.07,8.2277,8.2277
2016-01-16 04:40:00,44,0,21.45,39.05,20.26,39.01,21.86,38.99,20.91,38.68,19.42,46.06,7.34,74.18,20.02,35.81,21.84,41.47,19.89,40.54,6.14,752.25,79.18,3.83,35.40,1.97,11.9365,11.9365
2016-01-16 04:50:00,44,0,21.13,40.43,20.28,39.11,21.82,39.32,21.21,39.12,19.57,47.15,7.54,73.81,19.71,36.25,21.88,42.88,20.35,40.37,6.34,756.93,78.81,5.25,38.75,2.10,4.0967,4.0967
2016-01-16 05:00:00,40,0,21.54,40.06,19.90,40.25,21.86,40.21,20.81,39.90,19.50,47.72,6.75,73.49,20.01,35.76,21.96,42.06,19.84,40.54,5.55,754.35,78.49,5.42,36.24,1.24,8.4333,8.4333
2016-01-16 05:10:00,54,0,21.64,40.46,20.14,39.32,21.85,39.34,21.13,38.74,19.64,46.11,7.22,76.13,19.83,35.62,21.97,41.16,20.32,41.64,6.02,753.77,81.13,3.10,40.71,2.25,14.9980,14.9980
2016-01-16 05:20:00,47,0,21.13,39.81,20.04,40.35,21.90,39.87,20.88,39.92,19.75,44.09,6.74,75.73,19.75,35.75,21.75,41.56,19.97,41.15,5.54,756.50,80.73,5.15,43.66,1.69,40.1067,40.1067
2016-01-16 05:30:00,45,0,21.50,39.36,20.49,39.66,22.28,39.43,21.20,38.12,19.61,44.15,7.10,78.05,20.11,35.12,22.01,41.48,20.35,40.42,5.90,756.38,83.05,3.79,40.56,2.51,37.7222,37.7222
2016-01-16 05:40:00,43,0,21.28,39.28,19.96,39.19,22.06,39.55,21.13,39.57,19.53,46.43,6.83,76.64,19.82,36.19,21.88,41.40,19.93,40.81,5.63,753.89,81.64,4.98,38.95,1.96,16.5050,16.5050
2016-01-16 05:50:00,51,0,21.59,40.01,20.36,39.65,21.93,39.42,21.00,38.81,19.53,47.46,6.72,79.67,20.24,35.02,21.61,42.64,20.40,40.06,5.52,756.34,84.67,5.85,44.18,2.45,6.1238,6.1238
2016-01-16 06:00:00,45,0,21.40,39.94,20.32,39.53,21.87,40.46,20.77,39.45,19.45,44.01,5.78,77.39,20.07,35.43,21.72,42.58,19.88,40.12,4.58,755.58,82.39,5.74,37.44,1.06,15.9389,15.9389
2016-01-16 06:10:00,45,0,21.53,39.45,20.14,39.95,22.20,39.67,21.15,38.81,19.30,46.89,5.57,78.00,20.26,36.21,21.80,41.15,20.07,40.67,4.37,755.16,83.00,5.20,37.87,0.97,21.0769,21.0769
2016-01-16 06:20:00,45,0,21.52,39.81,20.35,40.66,22.08,40.06,20.90,38.98,19.44,45.74,5.42,81.87,20.17,35.09,21.92,41.23,19.88,41.56,4.22,756.17,86.87,5.50,37.94,1.60,1.8625,1.8625
2016-01-16 06:30:00,45,0,21.41,40.77,19.95,40.74,21.72,38.81,20.97,38.64,19.65,44.40,5.21,79.51,19.81,35.44,22.04,41.71,20.29,41.02,4.01,757.94,84.51,4.32,37.03,0.91,9.8034,9.8034
2016-01-16 06:40:00,45,0,21.82,40.24,20.49,40.66,21.87,40.43,20.77,38.61,19.53,47.18,5.58,81.28,20.29,36.56,21.71,41.47,20.32,41.83,4.38,757.08,86.28,3.99,40.61,1.64,36.3596,36.3596
2016-01-16 06:50:00,45,0,21.20,39.20,20.12,40.38,21.71,40.14,21.00,39.99,19.55,44.26,5.38,81.56,19.87,36.15,22.06,42.43,20.07,40.51,4.18,753.27,86.56,4.76,41.15,1.49,39.7516,39.7516
2016-01-16 07:00:00,130,10,21.60,40.62,20.42,40.31,22.20,39.78,21.16,39.49,19.61,47.04,5.10,82.89,20.21,35.18,21.81,41.29,20.27,41.16,3.90,755.44,87.89,5.80,39.21,1.48,31.5653,31.5653
2016-01-16 07:10:00,130,10,21.56,40.58,20.41,40.91,22.23,38.72,21.20,39.61,19.33,47.12,4.70,83.32,20.17,35.86,21.84,42.92,19.83,41.24,3.50,753.77,88.32,5.20,43.87,1.16,2.1021,2.1021
2016-01-16 07:20:00,119,10,21.61,39.35,20.03,40.12,22.30,38.96,21.06,38.65,19.60,47.63,4.56,84.16,20.09,36.80,21.81,42.31,20.14,40.03,3.36,754.74,89.16,3.96,43.92,1.19,40.3011,40.3011
2016-01-16 07:30:00,116,10,21.82,40.13,20.16,39.06,22.18,40.07,20.94,39.53,19.53,44.59,4.27,83.51,20.10,35.19,21.83,42.15,20.01,41.26,3.07,754.44,88.51,4.82,44.82,0.77,45.3261,45.3261
2016-01-16 07:40:00,114,10,21.71,40.61,20.09,39.67,22.25,38.74,21.21,39.55,19.44,44.60,4.69,85.88,20.05,36.55,22.01,41.54,20.34,41.71,3.49,752.59,90.88,5.41,43.82,1.67,40.9614,40.9614
2016-01-16 07:50:00,111,10,21.83,39.78,20.50,39.23,22.29,39.27,20.82,38.16,19.32,46.45,4.75,83.14,20.19,36.65,21.52,42.89,20.03,40.11,3.55,756.01,88.14,4.30,41.00,1.18,32.1177,32.1177
2016-01-16 08:00:00,113,10,21.24,40.26,20.02,40.16,21.97,39.32,20.79,39.46,19.33,45.12,4.50,83.90,19.71,35.99,21.77,41.56,19.90,41.43,3.30,756.43,88.90,2.69,39.08,1.08,22.5532,22.5532
2016-01-16 08:10:00,115,10,21.54,39.18,20.42,40.45,22.20,40.35,21.25,39.96,19.54,47.73,4.15,87.51,19.74,36.56,21.51,42.87,20.20,40.53,2.95,756.03,92.51,4.59,38.45,1.46,47.5743,47.5743
2016-01-16 08:20:00,147,10,21.84,39.41,20.45,39.80,21.98,40.35,20.98,38.41,19.80,47.63,4.09,84.85,20.11,35.16,21.60,41.76,19.93,40.84,2.89,752.80,89.85,5.76,38.58,0.86,40.6080,40.6080
2016-01-16 08:30:00,126,10,21.25,39.89,20.43,40.09,21.88,39.69,21.14,38.34,19.55,44.19,3.84,86.77,20.22,35.59,21.53,42.63,20.06,40.57,2.64,755.28,91.77,5.92,38.76,1.00,3.5392,3.5392
2016-01-16 08:40:00,129,10,21.82,40.48,20.20,40.03,22.25,38.65,21.20,39.28,19.73,47.58,4.11,88.62,20.05,36.65,21.56,41.39,20.11,41.95,2.91,754.39,93.62,4.37,44.28,1.63,9.2377,9.2377
2016-01-16 08:50:00,125,10,21.44,40.65,20.42,40.08,22.23,40.20,20.81,39.36,19.39,44.12,4.06,87.62,19.84,36.50,22.08,41.05,20.27,41.18,2.86,756.39,92.62,4.62,37.34,1.38,35.5208,35.5208
2016-01-16 09:00:00,111,0,21.85,39.47,20.14,40.56,21.79,40.08,20.92,38.00,19.52,44.34,3.92,89.97,20.20,35.36,21.88,41.66,19.90,41.98,2.72,754.72,94.97,4.95,39.03,1.71,33.5799,33.5799
2016-01-16 09:10:00,96,0,21.42,39.30,19.94,40.30,22.26,38.65,21.04,38.65,19.44,45.83,3.17,87.65,20.06,35.08,21.85,42.55,19.96,40.86,1.97,757.93,92.65,5.78,41.87,0.50,30.2301,30.2301
2016-01-16 09:20:00,110,0,21.36,39.07,20.26,40.46,22.10,39.58,21.29,39.20,19.61,46.03,3.62,86.66,19.88,35.26,22.03,41.68,20.24,41.02,2.42,752.95,91.66,5.62,35.38,0.75,31.2168,31.2168
2016-01-16 09:30:00,110,0,21.83,40.39,20.16,39.71,21.81,40.29,20.94,38.78,19.32,47.08,3.29,88.67,20.09,35.05,21.87,41.55,20.27,41.93,2.09,755.27,93.67,4.10,43.10,0.82,4.0471,4.0471
2016-01-16 09:40:00,99,0,21.60,40.83,20.20,40.44,21.79,40.17,20.89,39.15,19.50,47.00,3.91,89.07,20.17,36.06,21.91,41.00,20.19,41.36,2.71,755.19,94.07,3.85,36.50,1.53,39.0355,39.0355
2016-01-16 09:50:00,118,0,21.41,40.46,20.10,39.91,21.72,39.85,20.80,39.80,19.31,46.99,3.58,90.84,20.21,35.54,21.61,42.05,20.08,40.79,2.38,755.98,95.84,5.54,42.56,1.55,7.7370,7.7370
2016-01-16 10:00:00,45,0,21.69,40.69,20.37,40.66,22.26,39.59,21.24,39.15,19.26,45.62,3.45,88.23,19.86,36.37,22.05,41.37,20.26,41.44,2.25,753.48,93.23,5.83,41.84,0.89,45.7437,45.7437
2016-01-16 10:10:00,205,0,21.86,39.44,20.32,39.69,25.11,50.70,21.22,39.88,19.26,46.84,2.97,91.42,19.92,35.05,21.89,42.04,20.37,41.90,1.77,754.33,96.42,5.89,36.72,1.06,27.8169,27.8169
2016-01-16 10:20:00,205,0,21.28,39.39,20.28,39.24,25.01,51.65,21.26,38.23,19.49,45.94,2.78,89.05,19.73,36.04,21.92,42.16,19.96,40.08,1.58,754.93,94.05,4.88,43.25,0.39,41.2510,41.2510
2016-01-16 10:30:00,205,0,21.36,39.21,20.34,39.73,25.19,51.45,21.21,39.05,19.34,45.71,2.94,89.10,20.21,35.09,22.08,41.53,20.31,41.39,1.74,753.95,94.10,4.09,38.27,0.56,31.8790,31.8790
2016-01-16 10:40:00,205,0,21.47,40.23,20.47,39.24,24.98,50.62,21.14,38.26,19.49,45.09,2.82,91.74,19.78,36.69,21.82,42.71,20.01,40.33,1.62,756.75,96.74,2.62,38.54,0.97,7.5688,7.5688
2016-01-16 10:50:00,205,0,21.36,40.55,20.20,40.58,24.97,51.10,20.80,38.99,19.40,45.35,3.03,91.22,20.14,36.34,21.82,41.68,20.15,41.93,1.83,756.86,96.22,4.00,35.58,1.08,39.2369,39.2369
2016-01-16 11:00:00,45,0,21.87,40.82,20.48,40.62,21.96,39.16,20.78,39.70,19.73,44.17,3.02,90.85,20.18,35.75,21.64,42.29,19.94,41.92,1.82,755.68,95.85,3.12,36.29,0.99,7.2941,7.2941
2016-01-16 11:10:00,45,0,21.16,39.01,20.10,39.07,21.82,39.77,21.03,38.36,19.26,45.21,3.58,91.52,20.21,36.05,21.73,42.17,20.40,40.98,2.38,756.96,96.52,5.30,43.68,1.68,24.9801,24.9801
2016-01-16 11:20:00,45,0,21.45,40.90,20.29,39.30,21.70,39.23,21.01,39.48,19.30,45.48,3.57,91.90,19.83,36.92,21.82,42.61,19.90,41.09,2.37,753.33,96.90,4.07,41.37,1.75,40.1851,40.1851
2016-01-16 11:30:00,45,0,21.77,39.01,20.08,39.19,21.93,38.52,20.75,38.49,19.36,44.64,3.47,88.63,20.13,35.93,21.51,41.33,20.08,41.04,2.27,752.38,93.63,3.20,36.43,1.00,5.1804,5.1804
2016-01-16 11:40:00,45,0,21.70,39.73,20.28,39.97,21.93,40.23,21.27,38.65,19.57,46.04,3.22,90.92,20.17,36.34,21.77,42.80,20.13,41.46,2.02,757.40,95.92,4.18,38.21,1.20,19.8398,19.8398
2016-01-16 11:50:00,45,0,21.15,40.37,20.02,40.57,22.14,40.35,21.09,39.93,19.77,47.70,3.34,88.37,19.90,35.35,21.85,42.13,20.17,41.48,2.14,754.64,93.37,2.92,39.69,0.82,43.3148,43.3148
2016-01-16 12:00:00,45,0,21.61,39.47,20.23,39.47,21.80,39.81,21.12,38.49,19.55,47.58,3.79,90.42,19.82,36.11,21.68,41.84,20.09,41.29,2.59,756.80,95.42,4.80,40.85,1.68,36.3815,36.3815
2016-01-16 12:10:00,45,0,21.56,39.52,20.05,40.62,22.16,39.72,21.14,38.36,19.47,47.30,3.77,88.18,20.22,35.88,21.61,41.35,19.84,40.11,2.57,756.85,93.18,3.51,44.42,1.20,12.8315,12.8315
2016-01-16 12:20:00,45,0,21.49,40.79,20.10,40.16,22.03,40.33,20.85,38.30,19.69,47.01,3.84,88.97,19.76,36.59,21.74,42.58,20.32,41.10,2.64,755.16,93.97,4.24,36.13,1.44,9.3168,9.3168
2016-01-16 12:30:00,45,0,21.81,40.04,20.20,40.14,21.91,38.92,21.14,39.41,19.42,46.06,3.89,87.92,19.81,36.27,21.74,41.12,20.30,41.50,2.69,755.33,92.92,4.62,44.40,1.27,48.8822,48.8822
2016-01-16 12:40:00,45,0,21.62,40.63,20.41,40.15,21.77,38.63,21.20,38.33,19.33,46.91,3.84,87.40,20.24,36.74,21.51,41.30,20.15,41.56,2.64,753.67,92.40,3.56,44.23,1.12,36.0288,36.0288
2016-01-16 12:50:00,45,0,21.62,40.47,20.02,40.22,21.82,38.51,20.95,38.94,19.33,46.37,3.74,87.70,19.76,36.93,21.59,41.10,19.89,40.30,2.54,752.14,92.70,3.56,39.78,1.08,10.9478,10.9478
2016-01-16 13:00:00,45,0,21.63,39.11,20.26,40.49,21.75,38.73,20.94,38.26,19.31,44.48,3.35,88.74,20.13,35.89,21.93,42.32,20.36,41.52,2.15,756.20,93.74,4.11,39.67,0.90,45.7553,45.7553
2016-01-16 13:10:00,45,0,21.45,39.67,20.22,40.32,21.97,40.25,21.19,39.55,19.26,47.06,3.52,88.14,19.87,35.20,21.67,42.58,20.21,41.25,2.32,756.38,93.14,2.63,40.72,0.95,7.7493,7.7493
2016-01-16 13:20:00,45,0,21.33,39.26,20.40,40.18,22.12,39.23,21.28,39.44,19.70,44.26,3.76,85.32,20.15,36.31,21.98,41.43,20.20,41.19,2.56,755.99,90.32,5.94,36.50,0.62,7.1538,7.1538
2016-01-16 13:30:00,45,0,21.19,39.55,20.15,39.72,21.90,39.23,20.88,39.85,19.33,44.11,4.22,86.89,20.26,36.78,21.97,41.05,20.39,41.86,3.02,752.10,91.89,2.84,44.69,1.40,21.2781,21.2781
2016-01-16 13:40:00,45,0,21.58,39.12,20.33,40.93,21.96,40.22,20.71,38.46,19.28,45.13,4.00,85.14,20.09,36.80,21.71,41.52,20.32,41.66,2.80,753.38,90.14,4.23,35.60,0.83,33.8535,33.8535
2016-01-16 13:50:00,45,0,21.20,40.23,20.44,39.81,22.00,40.33,21.08,38.74,19.74,45.23,4.39,84.95,19.74,35.89,21.91,43.00,20.02,40.85,3.19,756.26,89.95,3.50,37.50,1.18,9.2792,9.2792
2016-01-16 14:00:00,45,0,21.45,39.22,20.23,40.54,22.18,39.53,20.72,38.05,19.75,47.17,4.12,85.52,20.03,35.20,21.74,42.53,19.85,40.32,2.92,752.64,90.52,5.43,37.51,1.02,25.7814,25.7814
2016-01-16 14:10:00,45,0,21.22,39.06,20.33,40.95,22.12,39.43,20.82,38.08,19.47,44.99,4.54,85.20,19.98,35.46,21.55,41.10,20.32,40.72,3.34,756.87,90.20,4.85,39.48,1.38,26.4733,26.4733
2016-01-16 14:20:00,45,0,21.12,40.13,20.01,40.06,22.02,39.21,20.96,38.86,19.35,44.12,4.40,83.84,19.77,35.01,21.62,42.34,20.32,40.40,3.20,756.81,88.84,3.11,42.04,0.97,20.3238,20.3238
2016-01-16 14:30:00,45,0,21.41,40.65,19.95,40.17,22.01,40.16,21.12,38.95,19.22,47.92,5.09,85.81,19.94,35.85,21.69,41.66,20.15,41.51,3.89,754.64,90.81,3.39,39.37,2.05,39.1650,39.1650
2016-01-16 14:40:00,45,0,21.12,40.31,20.25,40.09,22.26,38.64,21.13,39.51,19.71,46.52,4.46,83.96,19.86,35.01,21.65,42.99,19.84,41.57,3.26,756.00,88.96,2.94,37.52,1.05,3.0303,3.0303
2016-01-16 14:50:00,45,0,21.76,40.86,20.14,40.21,22.29,39.78,21.09,38.40,19.55,46.74,5.16,83.07,20.19,35.76,21.83,41.59,20.05,40.76,3.96,756.85,88.07,3.54,43.30,1.57,5.7797,5.7797
2016-01-16 15:00:00,45,0,21.29,39.35,20.09,39.37,22.14,40.43,21.10,39.19,19.55,47.65,4.92,81.65,20.30,35.89,21.51,42.42,20.35,40.33,3.72,752.29,86.65,4.18,37.66,1.05,21.6778,21.6778
2016-01-16 15:10:00,45,0,21.76,40.08,20.00,39.18,21.73,38.82,21.10,38.05,19.68,46.51,5.84,82.57,19.76,36.86,22.06,42.89,20.28,40.47,4.64,752.16,87.57,4.14,40.16,2.15,33.8486,33.8486
2016-01-16 15:20:00,45,0,21.46,39.29,19.97,40.95,22.28,39.96,21.02,39.25,19.78,47.71,5.76,81.63,20.00,36.63,22.01,42.94,20.36,41.79,4.56,755.57,86.63,5.60,42.80,1.89,15.5975,15.5975
2016-01-16 15:30:00,45,0,21.51,40.85,20.24,39.88,22.00,39.38,20.71,38.35,19.69,45.04,5.31,81.77,19.73,35.95,21.78,41.19,20.31,41.68,4.11,754.71,86.77,5.58,38.56,1.46,19.2520,19.2520
2016-01-16 15:40:00,45,0,21.23,40.78,20.30,40.18,22.17,39.70,20.95,39.81,19.29,46.90,5.42,80.51,19.94,36.89,21.90,42.70,20.20,40.10,4.22,752.55,85.51,4.77,35.84,1.32,3.0705,3.0705
2016-01-16 15:50:00,45,0,21.44,39.71,19.93,40.80,22.09,38.85,20.87,39.79,19.61,46.23,5.85,80.36,19.90,35.75,21.56,42.86,20.15,41.72,4.65,753.55,85.36,5.27,42.90,1.72,32.6143,32.6143
2016-01-16 16:00:00,45,0,21.66,39.57,20.27,39.77,21.85,39.03,21.07,38.05,19.47,45.25,6.31,77.61,19.74,35.02,21.84,41.20,19.89,41.96,5.11,755.84,82.61,5.60,44.26,1.63,18.0674,18.0674
2016-01-16 16:10:00,45,0,21.50,40.15,20.37,39.44,22.02,39.57,21.00,39.23,19.73,44.55,6.59,79.55,19.86,35.96,22.09,42.51,20.07,41.15,5.39,754.44,84.55,4.40,36.25,2.30,21.3959,21.3959
2016-01-16 16:20:00,45,0,21.57,40.51,20.33,39.72,22.15,39.70,21.19,40.00,19.72,46.86,6.63,75.86,19.76,35.43,21.93,42.79,20.01,41.96,5.43,753.80,80.86,3.25,43.30,1.60,3.1020,3.1020
2016-01-16 16:30:00,45,0,21.12,39.33,20.44,39.56,21.88,38.79,20.77,38.19,19.39,44.13,6.43,77.18,19.82,35.58,21.52,42.13,20.04,40.13,5.23,752.57,82.18,3.66,43.30,1.67,37.2691,37.2691
2016-01-16 16:40:00,45,0,21.31,40.08,20.35,40.26,22.03,40.41,21.14,39.73,19.48,46.20,6.84,77.95,19.76,35.16,21.66,42.03,20.40,41.57,5.64,756.49,82.95,5.20,36.27,2.23,41.3073,41.3073
2016-01-16 16:50:00,45,0,21.59,40.08,20.38,39.50,22.29,39.29,21.07,38.88,19.76,45.52,7.15,77.33,19.89,36.79,21.55,41.68,19.96,40.63,5.95,755.76,82.33,5.82,40.46,2.41,32.6755,32.6755
2016-01-16 17:00:00,45,0,21.65,39.96,20.12,40.39,21.93,39.89,20.91,38.14,19.25,46.73,6.81,75.45,19.74,36.67,21.82,42.54,20.28,40.41,5.61,756.33,80.45,4.88,35.59,1.70,16.0906,16.0906
2016-01-16 17:10:00,45,0,21.40,39.11,20.19,39.10,22.06,39.80,20.88,38.27,19.52,46.32,7.29,75.18,19.81,35.59,21.73,41.75,20.32,41.57,6.09,752.75,80.18,4.30,37.60,2.12,36.5469,36.5469
2016-01-16 17:20:00,45,0,21.31,39.03,20.37,39.62,21.95,39.23,21.15,38.68,19.74,46.28,7.61,73.43,20.17,35.62,21.69,41.44,20.27,41.61,6.41,754.99,78.43,2.68,42.89,2.09,2.3868,2.3868
2016-01-16 17:30:00,45,0,21.73,40.71,20.01,39.84,22.12,38.61,20.94,38.67,19.56,44.92,7.35,74.47,19.73,36.39,21.91,41.32,19.91,40.35,6.15,754.22,79.47,5.30,43.76,2.05,15.1174,15.1174
2016-01-16 17:40:00,45,0,21.48,39.80,20.36,40.23,21.93,38.71,20.81,39.42,19.26,45.49,8.36,73.59,20.28,36.01,22.07,42.07,20.11,40.78,7.16,754.57,78.59,5.58,41.94,2.88,3.8785,3.8785
2016-01-16 17:50:00,45,0,21.42,40.42,20.49,39.26,22.22,38.85,21.06,39.88,19.47,47.14,8.33,73.67,19.71,36.60,21.77,42.99,20.05,40.53,7.13,752.09,78.67,4.16,40.16,2.86,8.8773,8.8773
2016-01-16 18:00:00,223,30,21.52,49.46,20.36,39.96,21.84,39.19,21.05,38.77,19.65,44.19,8.55,69.42,20.03,36.95,21.88,41.74,19.96,41.03,7.35,756.38,74.42,5.72,35.53,2.23,15.8686,15.8686
2016-01-16 18:10:00,275,30,21.70,50.90,19.93,40.35,21.96,39.11,20.92,39.30,19.40,44.58,8.46,71.49,19.82,36.76,21.57,42.89,19.89,41.43,7.26,755.02,76.49,5.58,38.62,2.56,22.4776,22.4776
2016-01-16 18:20:00,271,30,21.75,49.17,20.16,40.55,22.16,38.99,20.88,39.28,19.65,45.96,8.68,70.82,19.72,36.74,21.83,41.76,19.90,40.15,7.48,757.86,75.82,4.89,41.21,2.65,23.7872,23.7872
2016-01-16 18:30:00,283,30,21.30,49.08,20.10,40.27,21.72,39.72,21.18,38.46,19.63,46.01,8.89,67.50,19.79,36.25,21.64,42.70,20.33,40.02,7.69,757.08,72.50,4.62,38.87,2.19,42.1762,42.1762
2016-01-16 18:40:00,231,30,21.48,49.57,20.44,40.69,21.91,38.84,20.85,39.83,19.77,45.05,9.18,69.62,19.96,36.65,21.63,42.07,20.02,40.13,7.98,755.09,74.62,5.00,38.96,2.90,29.9328,29.9328
2016-01-16 18:50:00,269,30,21.74,50.34,20.04,40.19,21.79,39.41,21.00,39.32,19.72,46.94,9.25,68.28,20.18,36.14,21.76,42.17,20.11,40.31,8.05,752.09,73.28,4.90,42.56,2.71,43.5628,43.5628
2016-01-16 19:00:00,232,30,21.48,49.55,20.17,39.28,21.72,38.68,21.14,39.20,19.65,45.53,8.76,69.47,19.85,35.54,22.04,42.66,20.19,41.18,7.56,753.89,74.47,4.53,36.33,2.46,8.8112,8.8112
2016-01-16 19:10:00,429,30,21.50,49.78,20.39,40.89,25.29,51.53,21.01,38.10,19.55,47.70,9.42,65.35,19.80,35.24,21.99,41.03,19.94,41.78,8.22,757.85,70.35,5.95,41.60,2.29,1.7813,1.7813
2016-01-16 19:20:00,380,30,21.61,50.34,20.23,40.60,24.93,50.52,20.75,38.59,19.42,47.19,9.38,66.13,19.87,36.83,21.64,42.11,20.36,41.30,8.18,752.69,71.13,5.69,40.08,2.41,31.7754,31.7754
2016-01-16 19:30:00,450,30,21.78,50.28,20.02,39.62,25.05,52.16,21.17,38.07,19.32,47.09,9.65,64.06,19.71,36.67,21.74,41.36,20.02,41.63,8.45,754.90,69.06,3.97,42.51,2.26,46.2860,46.2860
2016-01-16 19:40:00,263,30,21.45,50.94,20.30,39.84,21.71,39.79,21.25,38.60,19.25,44.36,9.86,65.11,20.20,36.99,21.63,41.56,20.28,41.08,8.66,752.45,70.11,2.57,41.89,2.68,5.8274,5.8274
2016-01-16 19:50:00,383,30,21.11,50.55,20.36,39.86,24.88,50.78,21.02,39.13,19.57,44.64,10.32,65.23,20.06,36.57,21.82,42.08,20.13,41.04,9.12,756.63,70.23,4.14,40.23,3.17,31.4934,31.4934
2016-01-16 20:00:00,260,30,21.12,50.61,20.16,39.73,22.21,39.64,21.24,38.05,19.56,44.51,10.06,65.12,20.27,35.27,22.03,42.53,20.02,41.70,8.86,755.85,70.12,5.24,35.73,2.88,31.2909,31.2909
2016-01-16 20:10:00,276,30,21.10,50.89,20.44,39.74,21.78,38.65,20.98,38.67,19.39,47.83,10.48,62.69,19.98,35.91,21.92,42.34,19.88,40.59,9.28,752.09,67.69,5.92,40.53,2.82,29.9019,29.9019
2016-01-16 20:20:00,279,30,21.59,50.18,20.46,39.87,21.81,38.78,21.27,38.67,19.55,45.80,9.86,64.20,20.19,36.76,22.05,41.53,20.24,40.53,8.66,757.01,69.20,4.43,37.80,2.50,7.3307,7.3307
2016-01-16 20:30:00,230,30,21.72,49.25,20.41,39.28,22.21,39.23,21.20,39.42,19.21,46.94,10.22,62.27,19.74,35.80,22.06,42.80,20.05,41.90,9.02,754.92,67.27,5.42,38.19,2.47,23.0492,23.0492
2016-01-16 20:40:00,287,30,21.55,49.66,20.33,40.58,21.70,38.68,21.01,39.89,19.69,44.73,10.11,64.10,20.11,36.43,21.64,41.27,20.05,40.78,8.91,754.82,69.10,3.12,36.63,2.73,45.8301,45.8301
2016-01-16 20:50:00,279,30,21.55,50.40,20.47,39.18,22.04,40.45,21.07,39.69,19.73,44.44,10.87,61.84,20.19,35.17,21.61,41.16,20.33,41.49,9.67,754.89,66.84,2.71,38.51,3.04,11.9158,11.9158
2016-01-16 21:00:00,251,30,21.16,39.86,20.09,39.03,22.27,39.01,21.12,39.98,19.25,46.02,10.96,60.22,20.17,36.12,21.70,41.59,20.29,40.28,9.76,755.42,65.22,3.20,35.33,2.80,28.2394,28.2394
2016-01-16 21:10:00,217,30,21.31,40.91,20.36,39.83,22.14,40.42,21.18,39.03,19.28,45.90,10.84,61.99,20.18,36.62,21.55,42.80,20.24,40.14,9.64,757.19,66.99,3.94,36.32,3.04,13.3752,13.3752
2016-01-16 21:20:00,229,30,21.47,39.59,20.48,40.57,22.14,39.38,21.01,39.76,19.35,47.49,10.68,61.65,19.79,36.06,21.74,41.55,20.13,40.08,9.48,755.66,66.65,3.28,36.83,2.81,21.6048,21.6048
2016-01-16 21:30:00,242,30,21.50,40.09,20.48,39.64,21.84,40.34,21.18,39.26,19.71,45.62,10.94,63.10,19.78,35.09,21.70,41.89,20.07,40.55,9.74,757.98,68.10,5.62,44.31,3.36,3.4058,3.4058
2016-01-16 21:40:00,289,30,21.25,40.65,20.26,40.08,21.90,40.03,20.76,38.99,19.62,46.92,11.08,60.31,20.10,36.20,22.03,41.20,19.85,40.20,9.88,754.19,65.31,3.89,37.06,2.94,38.3876,38.3876
2016-01-16 21:50:00,249,30,21.85,40.36,19.93,40.41,21.80,38.55,21.13,38.74,19.34,47.27,10.61,62.64,20.26,36.40,21.55,41.35,19.80,40.17,9.41,752.11,67.64,3.65,37.95,2.94,7.4912,7.4912
2016-01-16 22:00:00,45,0,21.23,39.84,20.39,40.84,21.75,38.72,20.83,39.44,19.31,47.51,10.88,61.69,20.28,36.31,21.91,41.52,20.18,41.24,9.68,755.40,66.69,5.55,35.60,3.01,2.5355,2.5355
2016-01-16 22:10:00,45,0,21.78,39.93,20.23,40.86,22.12,39.68,20.92,38.06,19.34,47.00,10.89,62.18,19.74,35.02,21.74,42.91,20.17,41.94,9.69,754.95,67.18,5.18,42.04,3.12,38.0973,38.0973
2016-01-16 22:20:00,45,0,21.85,40.76,20.16,40.01,22.12,40.02,20.74,39.09,19.58,47.64,10.65,60.99,20.27,36.98,21.70,42.23,20.34,41.92,9.45,755.47,65.99,2.51,38.48,2.65,18.2404,18.2404
2016-01-16 22:30:00,45,0,21.39,39.14,19.94,40.93,22.04,39.66,21.09,38.80,19.46,47.66,11.43,59.10,20.19,35.12,21.83,42.43,20.09,40.09,10.23,754.24,64.10,4.48,36.47,3.05,34.3817,34.3817
2016-01-16 22:40:00,45,0,21.87,40.32,20.24,39.58,22.05,40.43,20.92,38.45,19.20,45.96,10.93,59.97,19.93,36.70,21.59,41.66,19.93,41.27,9.73,753.60,64.97,4.88,42.17,2.72,40.7652,40.7652
2016-01-16 22:50:00,45,0,21.25,39.21,20.22,39.37,21.74,38.87,21.27,39.40,19.29,47.16,10.77,58.86,19.88,36.71,21.54,42.47,19.82,40.08,9.57,754.28,63.86,3.39,43.99,2.34,43.9615,43.9615
2016-01-16 23:00:00,45,0,21.53,40.83,20.21,39.49,21.79,40.31,20.75,38.79,19.33,44.54,11.12,60.71,20.26,35.56,21.91,42.92,20.35,40.91,9.92,754.14,65.71,2.52,42.64,3.06,37.2034,37.2034
2016-01-16 23:10:00,45,0,21.79,39.18,20.26,40.19,21.95,38.83,20.73,39.91,19.34,46.68,11.69,60.24,20.23,36.59,22.03,41.28,20.02,41.04,10.49,757.89,65.24,4.08,43.57,3.54,4.7314,4.7314
2016-01-16 23:20:00,45,0,21.46,39.18,20.11,39.32,22.13,39.60,20.81,38.86,19.77,44.40,11.15,59.91,20.18,36.45,21.60,41.71,20.35,41.57,9.95,752.15,64.91,4.59,35.01,2.93,26.0682,26.0682
2016-01-16 23:30:00,45,0,21.72,40.01,20.03,39.74,22.03,38.66,21.05,38.63,19.65,46.76,11.58,61.02,19.98,36.41,21.56,42.11,19.83,40.10,10.38,756.12,66.02,4.48,39.34,3.58,48.6359,48.6359
2016-01-16 23:40:00,45,0,21.27,40.09,20.13,40.89,22.01,39.66,21.24,39.61,19.37,47.85,10.98,59.17,19.89,35.11,21.56,42.03,19.90,41.51,9.78,755.21,64.17,5.33,41.04,2.61,8.8007,8.8007
2016-01-16 23:50:00,45,0,21.77,39.46,20.30,39.31,21.85,39.05,20.99,38.56,19.33,44.53,10.66,60.56,20.15,36.05,21.57,41.84,20.37,40.72,9.46,755.69,65.56,4.38,41.25,2.57,29.9173,29.9173
2016-01-17 00:00:00,41,0,21.13,39.42,19.93,40.87,22.12,38.94,20.78,39.43,19.50,47.40,10.76,58.55,19.78,36.75,21.65,42.44,19.82,41.55,9.56,752.76,63.55,4.70,35.13,2.27,7.2709,7.2709
2016-01-17 00:10:00,50,0,21.76,39.69,20.38,39.46,22.20,39.41,20.91,39.81,19.26,46.15,10.85,58.88,19.78,35.14,21.51,41.32,20.16,40.83,9.65,753.52,63.88,3.19,41.82,2.43,43.4061,43.4061
2016-01-17 00:20:00,47,0,21.23,40.50,20.22,39.24,22.17,39.03,21.21,39.48,19.69,44.27,11.20,60.78,19.93,35.32,21.84,42.60,19.92,40.24,10.00,754.27,65.78,4.63,43.61,3.16,24.3687,24.3687
2016-01-17 00:30:00,46,0,21.83,39.92,20.35,40.78,21.93,39.90,21.26,38.17,19.51,45.57,10.76,61.37,19.92,35.61,21.67,42.53,19.95,41.31,9.56,754.21,66.37,5.44,43.41,2.84,22.1668,22.1668
2016-01-17 00:40:00,49,0,21.43,39.02,20.29,39.75,21.97,38.76,20.80,38.27,19.73,44.47,11.30,62.14,19.88,35.29,21.63,41.82,19.88,41.66,10.10,755.63,67.14,3.16,37.25,3.53,17.4891,17.4891
2016-01-17 00:50:00,43,0,21.61,40.91,20.22,39.99,22.29,40.40,21.07,39.48,19.76,44.59,10.94,60.76,19.84,35.62,21.99,41.17,20.16,41.37,9.74,752.91,65.76,4.88,43.50,2.90,13.6561,13.6561
2016-01-17 01:00:00,45,0,21.86,40.95,20.01,39.73,21.73,39.56,20.83,38.52,19.32,47.26,10.50,60.97,20.19,35.48,21.55,42.67,20.31,41.06,9.30,752.80,65.97,5.88,44.89,2.50,20.4721,20.4721
2016-01-17 01:10:00,45,0,21.55,39.54,20.10,39.91,22.05,40.29,21.18,38.54,19.66,47.61,10.79,61.83,20.08,36.89,21.72,41.48,20.02,40.94,9.59,754.80,66.83,5.05,44.16,2.96,42.1478,42.1478
2016-01-17 01:20:00,54,0,21.27,39.56,19.95,39.69,21.92,39.57,21.24,39.15,19.76,47.75,10.91,63.09,20.25,35.61,21.55,41.68,20.26,41.19,9.71,755.02,68.09,5.87,35.64,3.33,16.5086,16.5086
2016-01-17 01:30:00,54,0,21.29,39.91,20.49,39.27,21.92,39.93,21.29,38.53,19.43,47.73,10.45,62.69,19.87,37.00,22.07,42.30,20.15,40.50,9.25,757.07,67.69,3.14,43.53,2.79,44.0685,44.0685
2016-01-17 01:40:00,48,0,21.14,40.13,20.03,40.54,21.84,40.42,21.11,38.04,19.52,46.75,10.58,62.71,19.77,36.88,21.99,42.84,19.89,40.24,9.38,753.90,67.71,3.58,42.18,2.92,18.6813,18.6813
2016-01-17 01:50:00,47,0,21.88,39.56,20.44,39.87,22.24,40.10,20.86,39.69,19.59,46.71,9.74,65.67,19.73,35.99,21.89,41.33,20.19,41.63,8.54,753.69,70.67,3.05,38.63,2.68,2.2151,2.2151
2016-01-17 02:00:00,45,0,21.46,40.15,20.14,39.65,21.81,39.44,20.77,39.82,19.59,44.19,10.33,65.89,20.16,36.40,21.99,42.63,20.36,40.13,9.13,756.92,70.89,3.28,39.45,3.30,45.5234,45.5234
2016-01-17 02:10:00,41,0,21.79,39.36,19.98,39.62,21.89,39.83,21.27,38.24,19.22,45.20,10.05,65.50,20.28,36.38,21.57,42.84,20.26,41.06,8.85,752.27,70.50,2.59,36.52,2.95,31.1222,31.1222
2016-01-17 02:20:00,43,0,21.38,39.31,20.37,39.35,22.13,39.70,20.81,39.45,19.71,47.14,10.26,66.99,19.91,36.44,22.08,41.70,20.34,41.32,9.06,753.19,71.99,3.19,41.22,3.46,11.2340,11.2340
2016-01-17 02:30:00,40,0,21.25,40.04,20.26,39.00,21.92,39.45,21.12,39.79,19.70,47.13,9.30,66.43,19.84,35.45,21.76,42.01,20.38,40.94,8.10,756.63,71.43,4.05,41.99,2.39,5.3986,5.3986
2016-01-17 02:40:00,41,0,21.20,40.01,20.00,40.71,21.93,38.70,20.99,38.31,19.26,46.58,9.97,64.58,20.27,36.96,21.63,42.93,20.21,41.26,8.77,753.12,69.58,4.62,42.88,2.69,9.7785,9.7785
2016-01-17 02:50:00,44,0,21.31,40.72,20.37,39.96,21.89,40.01,20.78,38.42,19.78,44.87,9.71,67.61,20.11,35.31,22.07,42.84,20.11,41.27,8.51,757.05,72.61,4.02,42.07,3.03,37.2103,37.2103
2016-01-17 03:00:00,47,0,21.67,40.33,20.31,40.72,21.81,40.42,20.94,38.75,19.69,46.47,9.70,66.88,20.30,35.42,21.89,42.80,19.95,41.79,8.50,757.94,71.88,5.50,40.66,2.87,38.9371,38.9371
2016-01-17 03:10:00,51,0,21.65,39.98,19.96,39.47,21.99,39.13,21.21,39.90,19.66,46.61,9.35,66.34,19.89,35.03,21.90,41.44,20.03,40.80,8.15,755.89,71.34,4.36,37.72,2.41,3.7519,3.7519
2016-01-17 03:20:00,40,0,21.15,40.46,20.37,39.09,21.89,39.64,21.18,39.87,19.60,45.47,9.05,67.58,19.96,36.44,21.54,42.13,20.35,40.68,7.85,756.97,72.58,4.16,38.65,2.37,21.5567,21.5567
2016-01-17 03:30:00,54,0,21.36,40.09,20.11,39.37,21.99,38.50,20.78,38.51,19.46,44.63,9.16,67.63,19.71,36.25,21.89,41.19,20.24,40.18,7.96,756.33,72.63,4.57,37.12,2.49,15.7591,15.7591
2016-01-17 03:40:00,50,0,21.53,40.29,20.14,40.13,22.01,38.93,20.80,38.98,19.49,44.32,8.64,70.88,20.06,36.54,21.58,42.30,20.20,40.06,7.44,754.58,75.88,5.81,39.04,2.62,47.0389,47.0389
2016-01-17 03:50:00,41,0,21.77,40.87,20.46,40.37,22.24,39.90,20.89,38.23,19.26,47.08,8.87,70.63,19.90,35.38,22.07,42.34,20.27,41.27,7.67,754.85,75.63,4.41,38.52,2.79,9.7211,9.7211
2016-01-17 04:00:00,48,0,21.49,39.76,20.50,40.13,21.97,40.34,20.99,39.42,19.20,45.68,7.78,69.60,20.04,35.79,21.69,42.33,20.06,40.80,6.58,752.42,74.60,5.45,42.75,1.50,28.4750,28.4750
2016-01-17 04:10:00,49,0,21.38,40.38,19.92,40.72,21.72,39.31,20.91,39.40,19.48,44.15,8.49,73.29,20.14,36.95,21.84,42.23,20.38,40.88,7.29,752.53,78.29,5.36,38.86,2.95,6.2757,6.2757
2016-01-17 04:20:00,45,0,21.66,40.19,20.33,39.36,21.91,38.82,20.80,38.83,19.32,45.20,8.04,70.94,20.29,36.71,21.87,42.83,20.17,41.12,6.84,756.18,75.94,3.28,37.06,2.03,28.3560,28.3560
2016-01-17 04:30:00,44,0,21.36,39.52,20.44,40.85,22.15,39.11,20.85,38.15,19.74,46.45,7.62,74.73,19.94,36.86,21.85,42.51,19.95,41.41,6.42,754.48,79.73,4.02,37.99,2.36,42.1708,42.1708
2016-01-17 04:40:00,44,0,21.52,40.35,20.29,40.12,21.79,38.60,20.90,38.84,19.56,45.91,7.50,72.60,20.26,36.98,21.90,42.07,20.26,41.04,6.30,757.29,77.60,5.57,37.64,1.82,42.1904,42.1904
2016-01-17 04:50:00,40,0,21.20,40.38,19.97,39.96,21.73,39.15,21.24,39.04,19.32,46.52,7.12,72.76,20.17,35.74,21.78,42.17,20.32,40.25,5.92,752.05,77.76,5.63,40.71,1.48,12.7328,12.7328
2016-01-17 05:00:00,52,0,21.59,40.13,20.39,39.28,22.14,39.21,20.78,38.23,19.64,45.85,6.98,74.73,20.22,36.73,21.82,42.19,19.91,41.16,5.78,753.83,79.73,5.75,36.48,1.72,31.1442,31.1442
2016-01-17 05:10:00,50,0,21.59,40.89,20.06,39.72,21.88,39.02,20.90,38.78,19.25,44.89,7.49,75.88,20.03,35.74,22.03,41.59,19.91,41.66,6.29,754.58,80.88,5.32,44.23,2.46,8.5634,8.5634
2016-01-17 05:20:00,53,0,21.43,40.31,19.91,39.46,21.97,39.66,21.00,39.39,19.68,45.58,6.49,77.74,20.19,36.66,21.52,42.58,20.39,41.30,5.29,753.17,82.74,4.10,36.83,1.83,35.1163,35.1163
2016-01-17 05:30:00,49,0,21.74,39.18,20.30,39.97,22.23,38.63,20.86,39.99,19.38,47.37,6.75,76.08,19.74,35.46,21.98,42.67,20.37,40.33,5.55,756.52,81.08,5.86,36.53,1.76,40.1232,40.1232
2016-01-17 05:40:00,41,0,21.70,40.52,20.02,39.27,22.30,39.75,20.84,38.27,19.28,45.61,6.29,77.17,20.29,35.43,22.03,41.46,19.93,40.51,5.09,753.09,82.17,5.13,42.30,1.52,23.4854,23.4854
2016-01-17 05:50:00,52,0,21.11,40.71,19.99,39.96,22.07,40.00,20.89,39.80,19.23,45.11,6.53,78.93,19.92,35.11,22.06,41.35,19.94,41.16,5.33,754.57,83.93,4.10,44.33,2.11,37.9400,37.9400
2016-01-17 06:00:00,45,0,21.14,40.08,20.18,40.89,22.18,40.12,21.18,39.83,19.21,45.82,5.84,77.00,19.80,35.33,21.98,41.59,20.33,40.12,4.64,753.63,82.00,5.71,42.92,1.04,40.0876,40.0876
2016-01-17 06:10:00,45,0,21.72,39.20,20.45,40.28,22.11,39.14,20.86,38.21,19.67,46.40,6.22,81.18,20.22,36.85,21.53,41.72,20.12,41.07,5.02,753.55,86.18,5.59,39.63,2.25,45.1839,45.1839
2016-01-17 06:20:00,45,0,21.15,39.31,20.26,40.61,22.05,39.88,20.93,39.52,19.37,45.02,5.49,80.84,20.00,36.48,22.07,41.97,20.18,40.90,4.29,755.77,85.84,3.69,43.72,1.45,37.9322,37.9322
2016-01-17 06:30:00,45,0,21.52,40.93,19.93,40.39,22.29,39.61,21.18,39.49,19.23,47.67,5.25,79.49,20.29,35.15,22.01,42.73,20.09,41.39,4.05,752.78,84.49,2.80,35.47,0.94,39.3010,39.3010
2016-01-17 06:40:00,45,0,21.30,39.71,20.26,40.47,22.24,38.72,20.76,38.35,19.74,47.78,5.94,81.73,20.15,35.50,21.83,41.36,19.81,41.71,4.74,754.12,86.73,4.56,41.19,2.09,8.1834,8.1834
2016-01-17 06:50:00,45,0,21.80,39.77,20.47,40.82,22.14,38.50,21.02,38.39,19.79,45.18,4.97,80.63,19.97,36.81,21.51,42.00,20.11,41.02,3.77,756.07,85.63,4.90,37.61,0.89,28.8453,28.8453
2016-01-17 07:00:00,117,10,21.59,39.76,20.20,39.70,22.07,40.25,20.81,39.36,19.50,46.50,5.03,81.58,20.24,35.79,21.88,41.42,20.37,41.20,3.83,752.12,86.58,3.08,43.60,1.15,16.1936,16.1936
2016-01-17 07:10:00,116,10,21.39,39.31,20.15,40.77,21.91,38.67,21.19,38.27,19.59,46.29,4.74,84.74,20.26,35.30,21.67,41.14,20.35,41.91,3.54,754.84,89.74,5.28,36.60,1.48,37.8930,37.8930
2016-01-17 07:20:00,116,10,21.45,39.93,20.33,39.31,21.95,40.15,21.13,39.33,19.77,44.17,4.56,82.87,19.93,35.67,21.66,42.03,20.19,41.10,3.36,756.54,87.87,4.95,39.02,0.93,5.6606,5.6606
2016-01-17 07:30:00,129,10,21.53,40.70,20.32,39.31,22.19,38.67,21.21,38.19,19.70,47.13,4.37,84.75,19.92,35.59,21.90,42.77,20.23,41.08,3.17,756.56,89.75,2.64,37.73,1.12,42.7470,42.7470
2016-01-17 07:40:00,128,10,21.19,39.65,20.23,39.12,21.89,39.11,20.78,39.67,19.20,47.18,4.66,86.61,19.81,36.86,22.05,42.00,20.18,40.96,3.46,753.79,91.61,2.53,42.64,1.79,40.9316,40.9316
2016-01-17 07:50:00,129,10,21.70,40.55,19.97,39.87,21.78,39.09,20.81,39.22,19.63,45.74,4.77,86.97,19.79,35.15,21.61,41.61,19.84,40.57,3.57,755.83,91.97,3.49,43.70,1.97,30.3632,30.3632
2016-01-17 08:00:00,110,10,21.55,40.72,20.42,39.18,22.22,39.39,21.20,38.81,19.57,47.91,4.67,84.06,19.87,36.38,21.56,41.32,20.22,40.22,3.47,756.40,89.06,5.78,44.17,1.28,27.3785,27.3785
2016-01-17 08:10:00,130,10,21.10,39.01,20.46,40.50,22.02,38.89,20.94,39.75,19.20,46.53,4.63,85.75,19.90,35.36,21.65,42.06,19.94,41.42,3.43,752.13,90.75,4.91,36.68,1.58,45.8952,45.8952
2016-01-17 08:20:00,116,10,21.71,39.12,20.17,40.07,21.96,40.15,21.15,39.87,19.71,44.71,3.80,86.16,20.03,36.78,22.03,42.00,20.34,41.35,2.60,756.86,91.16,3.10,42.78,0.83,43.3727,43.3727
2016-01-17 08:30:00,132,10,21.81,40.93,20.45,40.50,22.16,38.85,20.97,38.50,19.53,47.86,4.34,86.53,19.77,36.95,21.61,42.33,20.27,40.40,3.14,756.48,91.53,4.27,41.35,1.45,11.8292,11.8292
2016-01-17 08:40:00,108,10,21.25,40.47,20.34,39.13,21.99,39.92,21.16,39.88,19.21,47.81,3.52,87.45,19.99,35.77,21.89,41.84,20.18,40.74,2.32,755.05,92.45,5.90,38.49,0.81,28.9361,28.9361
2016-01-17 08:50:00,147,10,21.72,40.24,20.18,39.89,21.95,39.42,21.00,38.22,19.78,45.68,4.23,87.80,20.21,36.29,21.82,41.60,20.20,40.36,3.03,752.60,92.80,4.79,37.66,1.59,33.4267,33.4267
2016-01-17 09:00:00,102,0,21.42,39.77,20.00,40.74,22.04,38.69,20.89,38.41,19.57,46.37,4.06,86.59,20.23,35.33,21.70,42.20,20.20,41.26,2.86,754.34,91.59,3.79,44.53,1.18,1.4336,1.4336
2016-01-17 09:10:00,107,0,21.48,40.53,20.15,40.18,22.30,38.63,20.96,39.24,19.49,46.25,3.45,86.85,20.03,36.19,21.68,42.36,19.95,40.70,2.25,757.17,91.85,2.58,37.68,0.62,30.6547,30.6547
2016-01-17 09:20:00,91,0,21.78,39.23,20.18,39.58,21.98,40.39,20.91,38.80,19.55,47.23,3.48,86.90,19.76,35.76,21.97,42.07,19.96,40.63,2.28,755.05,91.90,5.31,43.02,0.66,39.0321,39.0321
2016-01-17 09:30:00,107,0,21.77,40.97,20.00,39.28,21.98,39.29,20.87,39.20,19.24,47.36,3.64,90.08,19.81,36.07,21.65,42.04,20.26,40.00,2.44,757.26,95.08,3.64,36.71,1.46,43.1085,43.1085
2016-01-17 09:40:00,113,0,21.53,39.47,20.26,39.95,22.20,39.99,20.76,38.70,19.79,44.95,3.13,89.76,19.79,36.92,21.97,42.83,19.83,40.43,1.93,752.25,94.76,4.19,41.67,0.88,33.6235,33.6235
2016-01-17 09:50:00,85,0,21.62,39.03,20.48,39.71,21.88,39.62,21.16,38.38,19.46,46.17,3.64,88.92,20.21,36.98,21.76,42.14,20.10,40.96,2.44,755.55,93.92,5.54,40.96,1.23,35.6086,35.6086
2016-01-17 10:00:00,45,0,21.19,40.50,20.16,40.78,21.84,40.34,20.88,39.94,19.28,46.38,2.95,89.38,19.73,35.97,21.90,42.91,20.14,41.86,1.75,754.49,94.38,4.75,35.35,0.63,40.2880,40.2880
2016-01-17 10:10:00,205,0,21.19,40.82,20.27,39.87,24.89,51.35,20.81,39.88,19.31,46.44,3.17,88.85,19.90,35.43,21.88,42.32,20.06,40.06,1.97,752.23,93.85,3.00,42.78,0.74,24.9474,24.9474
2016-01-17 10:20:00,205,0,21.58,40.20,20.10,39.19,24.84,50.95,20.70,39.66,19.78,45.15,3.24,89.33,20.14,35.44,21.60,42.66,20.34,40.11,2.04,755.25,94.33,4.90,38.26,0.91,36.5691,36.5691
2016-01-17 10:30:00,205,0,21.67,39.94,20.45,40.28,24.98,50.81,21.16,39.07,19.53,44.99,3.13,90.51,19.91,35.64,21.91,42.11,19.90,41.17,1.93,757.68,95.51,5.76,35.68,1.03,15.6531,15.6531
2016-01-17 10:40:00,45,0,21.88,39.66,20.12,39.17,21.90,38.60,21.21,38.09,19.39,44.37,3.40,89.33,19.97,35.61,21.78,42.53,20.18,40.71,2.20,756.28,94.33,3.59,39.06,1.06,7.7750,7.7750
2016-01-17 10:50:00,205,0,21.73,39.92,20.11,39.60,25.04,50.90,20.87,39.80,19.32,45.33,3.14,90.10,19.99,36.07,21.63,41.25,19.93,40.17,1.94,756.46,95.10,5.06,36.12,0.96,38.8007,38.8007
2016-01-17 11:00:00,45,0,21.44,39.07,20.18,40.07,21.81,40.33,20.74,39.59,19.49,45.90,3.39,88.96,19.71,36.65,21.76,41.63,19.84,40.36,2.19,755.87,93.96,5.71,44.80,0.98,22.3682,22.3682
2016-01-17 11:10:00,45,0,21.49,40.61,20.21,39.20,22.04,38.71,20.95,38.96,19.38,47.48,3.01,89.29,20.00,36.47,21.77,41.76,19.90,41.62,1.81,755.97,94.29,5.74,42.29,0.67,29.2648,29.2648
2016-01-17 11:20:00,45,0,21.56,40.78,20.28,39.86,22.28,39.18,21.07,39.15,19.67,46.76,2.78,89.18,19.77,36.06,21.83,41.96,20.15,41.06,1.58,753.26,94.18,3.89,40.88,0.42,12.2297,12.2297
2016-01-17 11:30:00,45,0,21.43,40.04,20.44,39.34,21.88,39.05,21.26,39.55,19.38,47.00,3.67,90.71,20.24,36.34,21.93,42.17,20.06,41.12,2.47,752.98,95.71,4.96,40.40,1.61,43.0884,43.0884
2016-01-17 11:40:00,45,0,21.52,40.89,20.35,40.69,21.73,38.79,20.96,39.17,19.64,46.44,3.58,91.33,20.24,36.69,22.00,42.64,19.98,41.08,2.38,753.97,96.33,4.98,38.49,1.65,31.6863,31.6863
2016-01-17 11:50:00,45,0,21.56,39.60,20.48,40.85,22.19,40.08,21.18,38.41,19.50,47.50,3.70,89.45,20.01,35.78,21.81,41.17,20.24,41.28,2.50,752.49,94.45,2.55,38.28,1.39,11.0762,11.0762
2016-01-17 12:00:00,45,0,21.30,40.97,20.20,40.08,21.87,40.33,21.05,39.78,19.21,47.18,3.34,90.50,20.09,36.73,22.01,42.15,20.31,41.67,2.14,757.09,95.50,2.90,35.82,1.24,22.3742,22.3742
2016-01-17 12:10:00,45,0,21.57,39.44,20.37,39.18,22.20,39.13,21.00,39.50,19.65,45.86,3.46,88.79,20.15,36.54,21.90,41.39,20.20,40.04,2.26,752.89,93.79,5.52,44.25,1.02,36.7318,36.7318
2016-01-17 12:20:00,45,0,21.53,40.71,20.49,39.61,22.09,39.13,20.77,39.45,19.23,44.24,3.06,88.06,20.02,36.65,21.98,42.71,20.23,40.09,1.86,755.51,93.06,2.54,44.59,0.48,16.7315,16.7315
2016-01-17 12:30:00,45,0,21.37,40.39,20.37,39.99,21.93,39.30,21.25,38.16,19.61,46.04,3.88,88.06,20.06,36.14,21.63,41.48,20.17,41.41,2.68,756.29,93.06,3.22,35.70,1.29,31.0783,31.0783
2016-01-17 12:40:00,45,0,21.39,40.91,20.17,39.49,22.09,40.22,21.19,38.48,19.49,44.74,3.62,90.50,19.91,36.75,21.56,41.58,20.04,41.36,2.42,757.86,95.50,5.45,39.30,1.52,3.0442,3.0442
2016-01-17 12:50:00,45,0,21.78,40.09,20.15,40.53,21.93,38.51,21.25,38.59,19.51,45.51,3.29,88.34,19.85,35.14,21.92,41.82,19.82,40.21,2.09,753.44,93.34,4.20,39.57,0.75,48.9604,48.9604
2016-01-17 13:00:00,45,0,21.75,40.84,20.15,39.53,22.29,40.43,20.72,39.34,19.53,44.54,3.70,89.79,20.29,35.02,21.59,41.84,20.05,41.87,2.50,755.81,94.79,3.22,40.35,1.45,25.4373,25.4373
2016-01-17 13:10:00,45,0,21.56,40.18,20.38,40.85,22.05,39.65,20.73,38.99,19.36,47.02,3.43,88.19,20.25,36.72,21.88,42.38,19.80,40.35,2.23,756.06,93.19,4.09,40.29,0.87,25.2715,25.2715
2016-01-17 13:20:00,45,0,21.36,40.92,19.97,40.41,22.20,40.03,21.02,39.79,19.28,45.96,4.19,86.40,19.97,36.78,21.51,42.94,20.28,41.92,2.99,755.68,91.40,4.09,37.70,1.27,48.2857,48.2857
2016-01-17 13:30:00,45,0,21.71,39.07,20.08,39.42,22.00,39.55,20.74,38.99,19.53,45.77,4.32,87.93,20.15,36.92,21.63,41.47,20.04,41.52,3.12,757.03,92.93,5.37,42.76,1.70,22.5763,22.5763
2016-01-17 13:40:00,45,0,21.19,40.90,20.02,40.65,22.22,40.44,20.81,38.26,19.28,45.06,4.47,84.87,19.80,35.08,21.66,42.31,19.90,41.74,3.27,756.30,89.87,4.62,41.23,1.24,43.9331,43.9331
2016-01-17 13:50:00,45,0,21.71,39.13,19.93,40.38,22.11,40.18,20.86,39.13,19.30,45.48,4.36,86.96,20.17,36.68,21.89,41.12,20.09,41.23,3.16,754.14,91.96,4.12,35.07,1.55,5.7420,5.7420
2016-01-17 14:00:00,45,0,21.57,40.47,20.18,40.49,22.29,40.23,21.04,38.41,19.31,44.31,4.51,84.18,20.00,35.60,21.59,41.58,19.96,41.78,3.31,756.50,89.18,4.40,39.66,1.14,31.9929,31.9929
2016-01-17 14:10:00,45,0,21.25,39.77,20.16,40.38,21.83,39.45,20.79,38.80,19.62,44.68,4.21,84.81,20.26,35.30,21.52,42.19,20.27,40.47,3.01,752.65,89.81,5.40,35.52,0.97,43.8766,43.8766
2016-01-17 14:20:00,45,0,21.57,39.02,20.18,40.21,21.72,38.69,20.85,38.67,19.68,47.86,4.54,83.18,19.72,35.92,21.87,41.18,20.25,40.07,3.34,755.43,88.18,3.19,44.58,0.98,22.6706,22.6706
2016-01-17 14:30:00,45,0,21.51,40.77,20.29,39.99,21.81,38.55,21.19,38.63,19.75,47.09,4.43,82.57,20.15,36.58,22.10,41.22,19.90,41.62,3.23,755.24,87.57,3.83,35.41,0.74,47.2918,47.2918
2016-01-17 14:40:00,45,0,21.88,40.65,20.36,39.59,22.17,40.30,20.81,38.29,19.59,44.06,4.88,81.63,19.91,35.43,21.85,42.51,19.89,41.47,3.68,753.54,86.63,3.36,35.54,1.01,45.9529,45.9529
2016-01-17 14:50:00,45,0,21.48,39.36,20.27,39.42,21.81,39.78,20.91,38.19,19.75,45.88,5.28,83.39,19.75,35.93,21.99,42.44,19.81,41.94,4.08,753.83,88.39,5.38,42.98,1.76,7.4290,7.4290
2016-01-17 15:00:00,45,0,21.13,39.21,20.24,39.22,22.27,39.57,21.25,38.18,19.68,46.16,5.65,83.81,19.94,36.51,21.67,42.21,20.12,40.83,4.45,754.15,88.81,4.39,36.12,2.21,23.9905,23.9905
2016-01-17 15:10:00,45,0,21.47,41.00,20.44,40.00,21.86,39.41,20.71,39.50,19.46,46.63,5.28,83.44,20.29,36.95,21.57,41.07,19.97,41.69,4.08,757.88,88.44,4.86,36.27,1.77,7.2702,7.2702
2016-01-17 15:20:00,45,0,21.85,40.54,20.47,39.40,22.06,39.96,20.78,38.39,19.40,44.92,5.45,79.51,20.02,36.02,21.66,42.89,19.82,40.32,4.25,754.42,84.51,5.08,42.64,1.15,11.7521,11.7521
2016-01-17 15:30:00,45,0,21.11,39.13,20.00,40.49,22.00,40.38,20.79,38.03,19.74,44.01,6.13,80.38,19.82,35.44,21.54,41.04,20.11,40.50,4.93,753.65,85.38,3.16,42.14,2.01,15.0012,15.0012
2016-01-17 15:40:00,45,0,21.51,40.14,20.37,41.00,21.77,38.74,21.18,38.05,19.77,47.40,6.05,79.74,19.93,36.51,21.88,42.64,19.88,40.99,4.85,753.44,84.74,2.89,35.05,1.79,45.8233,45.8233
2016-01-17 15:50:00,45,0,21.69,40.24,20.13,40.08,22.14,39.10,21.29,39.90,19.77,47.47,6.24,79.84,20.03,35.96,21.65,41.49,19.83,41.84,5.04,755.19,84.84,5.21,42.27,2.01,40.1649,40.1649
2016-01-17 16:00:00,45,0,21.18,40.67,20.47,39.16,21.76,40.26,20.89,39.32,19.53,45.48,6.64,78.94,19.86,36.00,21.96,42.93,19.99,41.95,5.44,756.11,83.94,3.37,36.19,2.23,10.0774,10.0774
2016-01-17 16:10:00,45,0,21.29,39.83,19.92,39.64,22.27,39.71,20.85,39.16,19.62,47.45,6.09,79.64,19.96,35.30,21.53,41.12,19.88,41.76,4.89,752.07,84.64,3.77,38.24,1.82,35.6089,35.6089
2016-01-17 16:20:00,45,0,21.84,40.31,20.21,40.19,22.16,40.44,20.79,39.78,19.28,46.12,6.82,78.43,20.00,35.14,21.66,41.65,19.88,40.45,5.62,755.23,83.43,2.82,40.07,2.30,44.8116,44.8116
2016-01-17 16:30:00,45,0,21.90,39.03,20.08,39.32,21.76,40.04,21.27,39.10,19.40,46.20,6.82,75.73,20.11,36.88,21.88,42.57,20.38,40.69,5.62,753.87,80.73,5.83,37.22,1.76,1.8591,1.8591
2016-01-17 16:40:00,45,0,21.24,39.11,20.16,39.05,21.75,39.62,21.01,38.92,19.22,46.89,7.02,77.88,20.15,35.35,22.09,41.25,20.24,41.85,5.82,752.69,82.88,2.61,39.65,2.39,21.5064,21.5064
2016-01-17 16:50:00,45,0,21.40,40.00,20.16,40.50,21.83,40.13,21.23,39.83,19.65,45.25,6.88,74.15,20.14,36.94,21.68,41.36,19.89,40.88,5.68,755.93,79.15,3.43,40.32,1.51,48.4036,48.4036
2016-01-17 17:00:00,45,0,21.37,39.01,20.20,40.49,22.08,38.91,21.14,38.98,19.29,44.94,7.55,74.20,20.04,35.84,21.79,41.82,19.90,41.88,6.35,756.95,79.20,2.59,41.22,2.19,37.3294,37.3294
2016-01-17 17:10:00,45,0,21.89,40.02,20.41,40.41,21.93,39.20,21.12,38.80,19.29,44.52,7.62,72.85,20.29,36.91,21.87,41.88,20.40,41.70,6.42,754.75,77.85,5.83,38.94,1.99,22.2159,22.2159
2016-01-17 17:20:00,45,0,21.63,40.16,20.28,39.72,21.72,40.45,20.77,39.02,19.50,45.93,7.90,72.77,19.88,35.29,21.64,42.73,20.29,40.62,6.70,755.74,77.77,4.16,43.30,2.26,15.7475,15.7475
2016-01-17 17:30:00,45,0,21.17,40.58,20.16,39.51,22.14,39.21,20.91,39.15,19.30,47.88,7.64,74.00,20.10,35.55,21.67,42.64,20.26,40.20,6.44,754.27,79.00,3.03,36.10,2.24,35.0924,35.0924
2016-01-17 17:40:00,45,0,21.10,40.34,20.04,39.45,22.11,40.08,21.00,39.73,19.68,46.90,7.89,71.18,20.02,35.55,21.98,42.07,20.40,40.81,6.69,755.30,76.18,4.36,39.64,1.92,42.5762,42.5762
2016-01-17 17:50:00,45,0,21.23,40.76,20.09,40.31,21.87,40.10,20.81,39.73,19.27,45.61,7.58,73.14,19.89,36.49,21.82,41.01,20.37,40.99,6.38,756.90,78.14,5.98,36.82,2.01,5.8230,5.8230
2016-01-17 18:00:00,273,30,21.15,50.40,19.96,39.89,22.20,39.75,21.25,38.10,19.25,45.10,8.47,72.61,20.26,35.42,22.05,41.95,19.87,40.21,7.27,754.31,77.61,5.96,37.03,2.79,34.1132,34.1132
2016-01-17 18:10:00,243,30,21.18,50.26,20.13,40.85,22.16,40.38,21.11,39.23,19.65,44.20,8.49,70.36,20.00,35.20,21.89,42.69,20.18,41.64,7.29,755.91,75.36,3.95,42.81,2.36,16.7755,16.7755
2016-01-17 18:20:00,269,30,21.52,50.41,19.91,40.85,22.03,39.85,21.20,39.05,19.20,44.55,8.08,68.35,19.98,36.52,21.93,41.94,20.37,40.21,6.88,753.24,73.35,4.03,37.23,1.55,2.3195,2.3195
2016-01-17 18:30:00,267,30,21.64,50.76,20.25,40.98,21.85,39.48,20.77,38.40,19.40,44.91,8.34,69.72,19.97,35.84,22.02,42.80,19.80,41.60,7.14,757.86,74.72,3.04,43.94,2.09,27.2574,27.2574
2016-01-17 18:40:00,234,30,21.11,50.30,20.30,39.59,22.18,38.77,21.23,39.93,19.30,47.30,9.11,68.13,19.93,35.08,22.10,42.20,20.26,41.10,7.91,754.11,73.13,5.53,40.01,2.53,41.6520,41.6520
2016-01-17 18:50:00,231,30,21.45,50.38,20.05,40.70,22.25,39.23,21.15,39.75,19.29,45.29,9.21,66.15,20.14,36.68,22.04,42.65,20.03,40.01,8.01,756.81,71.15,4.89,38.57,2.24,45.5317,45.5317
2016-01-17 19:00:00,399,30,21.81,49.31,20.41,40.41,25.07,52.23,21.05,38.58,19.71,46.01,9.06,69.42,19.83,35.02,22.05,42.48,20.16,41.62,7.86,757.73,74.42,4.77,42.67,2.75,40.0743,40.0743
2016-01-17 19:10:00,234,30,21.39,50.62,20.23,39.78,22.13,38.99,21.10,39.87,19.72,44.93,9.08,65.53,20.03,35.19,21.70,42.64,20.33,40.55,7.88,754.21,70.53,2.75,39.76,1.98,24.9361,24.9361
2016-01-17 19:20:00,386,30,21.87,49.64,20.05,39.67,25.25,50.72,21.03,38.15,19.47,45.97,9.99,66.36,20.18,35.27,21.86,42.53,20.10,40.20,8.79,756.92,71.36,4.55,39.24,3.06,18.3895,18.3895
2016-01-17 19:30:00,438,30,21.28,49.77,19.99,40.57,25.14,52.48,21.16,38.85,19.48,44.57,9.99,66.43,19.91,35.88,21.52,41.41,20.30,40.93,8.79,756.57,71.43,5.34,39.62,3.07,18.3594,18.3594
2016-01-17 19:40:00,245,30,21.68,49.43,20.19,39.61,21.71,38.87,20.97,39.64,19.70,46.01,10.03,65.28,19.89,35.92,21.61,41.10,20.14,40.66,8.83,757.97,70.28,5.13,39.81,2.88,37.9877,37.9877
2016-01-17 19:50:00,262,30,21.34,49.09,20.15,39.50,22.09,39.25,20.82,38.96,19.24,47.34,9.93,66.79,19.82,35.68,21.94,42.93,20.04,40.84,8.73,757.36,71.79,3.15,40.16,3.09,7.6414,7.6414
2016-01-17 20:00:00,275,30,21.43,50.34,19.92,39.53,22.25,39.55,20.94,39.36,19.31,46.78,9.75,64.51,20.17,36.55,21.66,41.69,19.82,41.05,8.55,756.33,69.51,5.43,41.07,2.45,41.0437,41.0437
2016-01-17 20:10:00,216,30,21.78,49.86,20.05,39.02,21.82,39.81,20.89,38.90,19.64,46.00,10.12,64.25,20.23,36.00,21.70,41.51,20.06,40.15,8.92,756.45,69.25,5.85,38.27,2.77,34.8143,34.8143
2016-01-17 20:20:00,227,30,21.42,50.67,20.17,39.41,21.74,38.85,21.27,38.29,19.26,47.05,10.60,63.62,20.20,36.66,21.89,41.98,20.16,41.94,9.40,752.88,68.62,3.13,37.10,3.12,6.1172,6.1172
2016-01-17 20:30:00,221,30,21.77,49.81,20.23,39.06,21.81,38.71,20.95,39.16,19.32,47.43,10.65,61.73,19.81,35.06,21.61,41.83,20.38,41.14,9.45,757.30,66.73,3.80,37.89,2.80,27.3805,27.3805
2016-01-17 20:40:00,228,30,21.15,50.09,20.42,39.90,22.23,40.02,21.25,39.61,19.25,47.70,10.96,61.78,19.97,36.56,22.03,42.37,20.36,40.58,9.76,756.07,66.78,3.44,43.29,3.11,10.5177,10.5177
2016-01-17 20:50:00,292,30,21.19,50.62,20.00,39.56,21.97,40.46,21.25,38.01,19.33,46.25,10.91,61.08,20.14,36.51,21.70,41.12,20.33,41.23,9.71,757.50,66.08,3.82,37.24,2.93,30.4119,30.4119
2016-01-17 21:00:00,240,30,21.66,40.98,20.20,40.08,21.75,40.29,20.77,38.78,19.41,44.19,10.49,62.81,20.28,36.13,21.76,41.25,20.06,40.84,9.29,753.31,67.81,4.62,36.27,2.85,19.9664,19.9664
2016-01-17 21:10:00,271,30,21.57,39.53,20.35,40.17,21.71,39.95,21.00,39.09,19.38,44.01,10.42,63.15,20.15,36.99,21.95,42.69,19.81,40.09,9.22,755.32,68.15,3.56,44.77,2.85,1.4910,1.4910
2016-01-17 21:20:00,242,30,21.72,40.81,20.37,40.89,22.23,38.98,20.72,38.52,19.54,44.14,10.43,63.24,19.84,36.80,21.71,41.38,19.92,40.01,9.23,757.07,68.24,4.58,36.66,2.88,9.0531,9.0531
2016-01-17 21:30:00,229,30,21.88,39.23,20.43,39.45,21.90,39.16,21.13,39.79,19.34,45.62,10.44,62.38,20.00,36.11,21.84,42.39,19.92,40.39,9.24,757.44,67.38,5.32,38.44,2.71,38.2367,38.2367
2016-01-17 21:40:00,262,30,21.11,40.07,20.11,40.49,22.02,39.79,20.77,39.66,19.67,47.01,10.62,62.30,19.75,36.76,21.53,42.56,20.25,40.79,9.42,754.36,67.30,3.07,39.27,2.88,44.5683,44.5683
2016-01-17 21:50:00,220,30,21.26,39.96,20.09,39.74,21.80,40.31,20.93,39.19,19.72,46.56,11.13,62.50,20.04,36.80,21.71,42.97,19.86,40.26,9.93,752.71,67.50,3.35,39.96,3.43,19.9851,19.9851
2016-01-17 22:00:00,45,0,21.78,39.55,20.09,40.34,22.01,40.34,20.85,38.21,19.74,46.80,10.79,60.44,20.23,35.85,21.77,42.53,19.82,41.14,9.59,753.39,65.44,3.90,44.44,2.68,8.6003,8.6003
2016-01-17 22:10:00,45,0,21.25,40.41,19.94,40.38,22.22,39.21,20.89,38.54,19.63,44.56,11.35,60.49,20.05,35.21,21.64,42.68,20.11,40.88,10.15,753.61,65.49,5.56,37.70,3.24,45.0316,45.0316
2016-01-17 22:20:00,45,0,21.69,40.72,19.99,39.19,22.03,39.92,20.85,39.60,19.39,47.73,11.10,58.79,20.17,36.18,21.94,42.94,19.98,41.09,9.90,754.80,63.79,5.91,38.74,2.66,24.6466,24.6466
2016-01-17 22:30:00,45,0,21.29,39.34,20.25,40.12,21.91,39.22,21.07,38.11,19.40,46.87,11.10,60.66,20.10,36.92,21.66,42.77,20.00,41.01,9.90,756.98,65.66,3.19,37.09,3.03,38.6506,38.6506
2016-01-17 22:40:00,45,0,21.36,39.87,20.38,39.27,22.17,38.54,21.00,38.80,19.28,46.34,11.42,60.18,19.80,35.61,21.63,42.56,20.32,41.47,10.22,756.98,65.18,4.40,44.73,3.26,4.8473,4.8473
2016-01-17 22:50:00,45,0,21.70,40.07,20.11,40.59,22.26,39.31,21.15,39.98,19.47,46.21,11.28,58.69,19.81,36.52,22.03,42.29,19.85,41.89,10.08,752.95,63.69,3.14,38.50,2.82,39.0601,39.0601
2016-01-17 23:00:00,45,0,21.73,40.21,20.29,39.79,22.20,39.39,20.78,38.80,19.36,47.32,10.95,59.09,19.91,36.68,22.08,41.72,19.92,40.13,9.75,753.72,64.09,4.51,40.94,2.56,41.1258,41.1258
2016-01-17 23:10:00,45,0,21.17,39.44,20.12,39.40,22.07,38.77,20.88,38.93,19.25,46.37,11.34,58.09,19.93,35.01,21.53,42.93,20.36,40.29,10.14,753.39,63.09,2.76,42.37,2.76,24.3210,24.3210
2016-01-17 23:20:00,45,0,21.76,39.11,20.49,40.74,21.93,38.94,21.02,39.88,19.21,46.29,10.72,59.66,19.84,35.35,21.66,41.18,20.30,41.32,9.52,754.40,64.66,5.73,42.48,2.45,42.1547,42.1547
2016-01-17 23:30:00,45,0,21.11,40.87,20.27,39.57,21.76,39.37,20.78,38.40,19.26,45.40,11.34,58.95,20.24,35.58,22.05,41.39,19.91,40.94,10.14,757.20,63.95,3.19,39.10,2.93,43.9485,43.9485
2016-01-17 23:40:00,45,0,21.79,39.42,20.05,39.58,22.07,38.59,20.87,38.86,19.24,45.31,11.16,60.13,19.90,36.02,21.76,43.00,20.30,40.99,9.96,754.52,65.13,5.72,35.32,2.99,30.5438,30.5438
2016-01-17 23:50:00,45,0,21.28,39.62,20.36,39.16,22.00,38.94,20.91,39.56,19.68,46.00,10.79,59.55,19.93,35.51,21.84,42.99,19.90,41.75,9.59,753.10,64.55,5.59,37.87,2.50,38.0901,38.0901
2016-01-18 00:00:00,44,0,21.13,40.38,20.00,40.03,22.14,39.03,21.09,39.96,19.20,45.36,10.93,59.41,20.00,35.67,22.03,41.96,20.37,40.35,9.73,757.05,64.41,2.98,40.59,2.62,19.7591,19.7591
2016-01-18 00:10:00,46,0,21.28,40.07,20.06,39.85,21.88,40.19,21.08,39.47,19.38,45.82,10.84,61.05,20.27,36.05,21.67,41.91,20.04,40.75,9.64,752.10,66.05,5.29,40.82,2.85,27.0271,27.0271
2016-01-18 00:20:00,53,0,21.47,40.36,20.13,39.47,22.03,40.12,21.28,38.13,19.60,47.53,11.11,62.33,19.75,35.75,21.81,42.22,19.82,40.12,9.91,757.27,67.33,3.40,39.14,3.38,22.7350,22.7350
2016-01-18 00:30:00,49,0,21.66,40.30,20.40,39.77,21.87,38.97,20.95,39.76,19.22,47.60,10.56,62.51,19.84,35.50,21.66,41.85,20.11,40.42,9.36,752.07,67.51,4.31,38.35,2.87,20.0252,20.0252
2016-01-18 00:40:00,52,0,21.20,40.87,20.01,39.37,21.95,40.22,21.25,39.28,19.67,46.46,10.99,59.49,20.16,35.90,21.89,41.86,19.93,41.52,9.79,754.43,64.49,4.95,43.88,2.69,33.4601,33.4601
2016-01-18 00:50:00,40,0,21.75,40.39,20.32,40.74,22.00,39.46,20.94,39.48,19.39,47.98,10.29,61.58,19.89,35.04,21.90,41.61,19.88,41.66,9.09,753.23,66.58,3.95,38.05,2.41,34.3345,34.3345
2016-01-18 01:00:00,49,0,21.42,40.45,19.92,39.78,21.81,38.62,20.74,39.53,19.55,47.85,10.81,62.25,20.24,35.03,21.61,42.62,20.15,41.53,9.61,756.59,67.25,5.18,40.45,3.06,25.4306,25.4306
2016-01-18 01:10:00,48,0,21.22,40.40,20.48,40.54,22.16,38.97,20.75,39.48,19.75,46.14,10.75,62.62,20.19,35.62,21.66,41.81,19.98,40.06,9.55,755.22,67.62,3.06,36.20,3.07,35.4622,35.4622
2016-01-18 01:20:00,49,0,21.87,39.60,20.49,40.20,21.71,39.06,21.17,39.22,19.45,44.11,10.66,63.37,19.93,35.36,21.87,42.64,20.06,40.00,9.46,757.83,68.37,2.80,42.71,3.14,13.4063,13.4063
2016-01-18 01:30:00,41,0,21.32,40.57,20.39,40.39,22.17,39.89,21.19,38.15,19.63,44.45,10.04,65.10,19.98,36.72,21.50,42.27,20.37,40.54,8.84,753.39,70.10,5.69,42.42,2.86,11.6461,11.6461
2016-01-18 01:40:00,40,0,21.18,40.30,20.05,40.54,22.25,39.82,21.24,39.31,19.26,44.01,10.65,63.62,20.26,36.55,21.57,41.11,20.16,40.31,9.45,757.18,68.62,5.16,44.21,3.17,31.2789,31.2789
2016-01-18 01:50:00,47,0,21.82,40.92,19.94,39.32,21.79,38.83,21.27,39.10,19.59,47.08,10.53,62.76,20.20,36.68,21.70,42.89,20.20,40.04,9.33,755.08,67.76,4.39,40.18,2.88,8.0706,8.0706
2016-01-18 02:00:00,46,0,21.32,39.15,20.22,39.85,22.06,38.72,21.06,39.79,19.72,44.69,10.11,63.75,19.98,35.78,21.51,41.07,19.88,40.03,8.91,755.39,68.75,4.75,39.67,2.66,30.9952,30.9952
2016-01-18 02:10:00,44,0,21.81,39.56,20.03,40.61,21.93,39.80,21.09,38.67,19.51,47.29,10.04,66.08,19.99,35.01,21.61,42.47,19.98,41.32,8.84,757.97,71.08,3.97,41.73,3.05,32.5720,32.5720
2016-01-18 02:20:00,41,0,21.84,40.91,20.18,39.50,21.81,40.32,21.04,38.81,19.69,46.82,9.93,64.85,19.85,35.75,21.96,41.00,20.35,40.59,8.73,754.45,69.85,2.56,35.90,2.70,19.0208,19.0208
2016-01-18 02:30:00,46,0,21.44,40.00,19.95,40.07,21.96,39.23,21.26,39.36,19.78,47.49,9.90,66.63,20.20,35.54,22.03,42.02,19.89,40.70,8.70,752.25,71.63,3.74,41.98,3.03,35.4088,35.4088
2016-01-18 02:40:00,42,0,21.90,40.92,20.04,39.08,21.94,39.43,21.17,39.94,19.44,46.34,9.49,66.47,19.78,36.16,21.84,41.97,20.35,41.77,8.29,753.66,71.47,4.99,39.11,2.59,44.4438,44.4438
2016-01-18 02:50:00,49,0,21.43,40.24,19.91,39.83,21.74,39.41,21.26,39.17,19.31,47.57,8.90,65.97,19.93,36.97,22.05,42.90,20.19,40.31,7.70,755.63,70.97,3.85,36.66,1.89,44.9110,44.9110
2016-01-18 03:00:00,43,0,21.79,39.80,20.21,40.42,21.97,38.87,21.25,38.87,19.38,44.99,9.65,67.69,20.02,35.10,22.07,42.61,20.34,41.63,8.45,753.29,72.69,5.13,42.35,2.99,5.5910,5.5910
2016-01-18 03:10:00,50,0,21.42,39.06,20.44,39.58,21.73,40.46,21.12,39.86,19.29,46.47,9.07,66.83,20.15,35.13,21.98,42.48,20.20,41.71,7.87,756.59,71.83,2.80,44.91,2.24,42.7943,42.7943
2016-01-18 03:20:00,49,0,21.50,39.30,20.28,40.09,21.78,39.68,21.02,39.29,19.70,45.53,8.95,67.53,19.80,36.57,22.06,41.27,20.35,40.66,7.75,752.71,72.53,3.21,43.12,2.26,47.5418,47.5418
2016-01-18 03:30:00,48,0,21.49,39.85,20.27,40.60,22.07,39.02,21.24,38.80,19.75,46.27,8.29,67.99,20.29,36.55,22.05,42.96,19.82,41.98,7.09,754.02,72.99,3.31,40.70,1.68,18.7610,18.7610
2016-01-18 03:40:00,42,0,21.46,39.82,19.96,40.05,22.04,40.46,20.79,39.53,19.75,46.57,8.95,68.21,20.16,36.70,21.50,41.50,20.36,40.98,7.75,755.95,73.21,3.36,44.35,2.39,6.7848,6.7848
2016-01-18 03:50:00,48,0,21.42,39.03,20.20,39.99,22.09,38.65,21.29,38.70,19.34,44.34,8.13,68.78,20.05,36.33,22.08,41.29,20.00,41.24,6.93,753.17,73.78,4.81,38.16,1.68,41.1196,41.1196
2016-01-18 04:00:00,53,0,21.34,39.37,20.08,40.99,21.87,39.40,21.03,38.00,19.36,45.73,7.81,69.91,19.97,36.92,21.75,41.26,19.94,41.97,6.61,754.91,74.91,3.23,35.40,1.59,45.3042,45.3042
2016-01-18 04:10:00,48,0,21.73,40.26,20.49,40.38,22.21,40.45,20.75,39.39,19.78,44.67,8.26,71.64,20.02,35.69,21.66,41.77,20.38,40.07,7.06,753.93,76.64,5.22,41.08,2.38,40.0693,40.0693
2016-01-18 04:20:00,40,0,21.75,39.64,20.40,39.52,22.13,39.74,21.10,38.50,19.60,47.69,7.75,70.40,19.73,35.98,21.78,41.10,19.81,40.49,6.55,754.08,75.40,5.10,42.29,1.63,40.7860,40.7860
2016-01-18 04:30:00,54,0,21.71,40.21,20.37,40.09,21.81,40.11,20.71,38.42,19.43,47.08,7.53,74.61,20.16,36.48,21.52,42.03,20.35,41.09,6.33,752.70,79.61,3.47,35.18,2.26,20.1683,20.1683
2016-01-18 04:40:00,52,0,21.22,39.64,20.26,39.68,22.28,39.26,21.12,39.42,19.32,44.81,7.68,74.47,19.84,36.44,21.58,41.11,19.91,41.97,6.48,752.13,79.47,4.06,40.40,2.37,15.3991,15.3991
2016-01-18 04:50:00,42,0,21.13,40.44,20.26,39.97,22.28,39.69,20.72,39.36,19.27,46.80,7.38,74.37,19.76,36.68,21.99,42.26,20.39,41.73,6.18,752.32,79.37,5.19,39.32,2.05,4.7853,4.7853
2016-01-18 05:00:00,40,0,21.32,39.68,19.93,39.33,21.94,38.87,20.77,39.19,19.44,45.18,7.56,73.58,19.97,36.37,22.09,41.29,19.99,41.20,6.36,754.34,78.58,2.85,38.35,2.07,23.5784,23.5784
2016-01-18 05:10:00,52,0,21.87,39.11,20.22,40.78,22.16,40.34,21.24,38.16,19.65,45.16,7.00,74.74,20.15,36.65,21.84,42.46,20.15,40.84,5.80,756.27,79.74,3.54,42.26,1.75,39.0483,39.0483
2016-01-18 05:20:00,45,0,21.56,40.85,20.12,40.95,21.78,39.27,21.14,38.60,19.28,45.94,7.35,74.84,20.03,35.90,21.63,41.78,20.04,40.66,6.15,754.44,79.84,3.37,42.03,2.12,40.0048,40.0048
2016-01-18 05:30:00,49,0,21.68,40.77,19.95,40.27,21.86,38.52,21.03,38.24,19.72,46.35,6.22,76.54,20.06,36.98,21.54,42.48,20.18,40.29,5.02,754.60,81.54,2.53,35.44,1.33,7.4923,7.4923
2016-01-18 05:40:00,52,0,21.47,40.19,20.04,39.22,22.09,38.87,20.94,38.10,19.63,45.72,6.34,78.36,19.78,36.93,21.71,42.63,20.10,40.59,5.14,756.60,83.36,4.11,38.71,1.82,16.4407,16.4407
2016-01-18 05:50:00,46,0,21.87,39.56,20.07,39.66,22.01,38.75,20.71,39.12,19.63,46.38,6.82,78.61,19.91,35.70,21.63,42.77,20.31,41.52,5.62,752.82,83.61,3.62,42.47,2.34,20.1106,20.1106
2016-01-18 06:00:00,45,0,21.50,39.63,20.14,39.02,22.28,39.32,21.19,39.68,19.39,45.69,6.53,79.27,19.97,35.59,22.02,41.31,20.05,41.84,5.33,756.11,84.27,3.02,39.93,2.19,1.7697,1.7697
2016-01-18 06:10:00,45,0,21.40,39.40,19.90,39.88,22.11,39.77,20.75,38.99,19.26,45.69,5.69,80.71,19.91,35.88,21.54,41.26,19.95,40.15,4.49,752.38,85.71,4.26,35.27,1.64,12.7742,12.7742
2016-01-18 06:20:00,45,0,21.69,39.73,19.96,40.62,22.12,40.48,20.98,38.11,19.63,44.49,5.66,79.90,20.26,35.16,21.89,42.05,20.15,40.80,4.46,753.59,84.90,4.98,44.69,1.44,47.2923,47.2923
2016-01-18 06:30:00,45,0,21.81,40.11,20.02,39.64,22.06,39.03,21.10,38.92,19.53,44.03,6.11,82.13,20.11,35.10,21.61,41.49,20.25,40.96,4.91,754.43,87.13,3.25,38.30,2.33,23.7543,23.7543
2016-01-18 06:40:00,45,0,21.55,39.33,20.26,39.86,21.85,38.88,21.19,39.38,19.56,45.92,5.74,81.51,20.17,35.27,21.84,42.72,19.97,40.08,4.54,753.47,86.51,2.52,41.42,1.84,42.6917,42.6917
2016-01-18 06:50:00,45,0,21.82,39.92,20.27,40.19,21.81,38.83,20.98,38.47,19.76,44.64,5.77,81.21,20.13,36.73,21.89,41.09,19.94,40.36,4.57,756.58,86.21,5.35,44.35,1.82,28.6111,28.6111
2016-01-18 07:00:00,123,10,21.74,40.03,20.08,39.42,21.88,39.82,21.06,39.05,19.73,44.04,4.95,84.47,20.10,35.66,21.69,41.17,20.31,41.38,3.75,752.39,89.47,4.66,37.28,1.64,7.0882,7.0882
2016-01-18 07:10:00,145,10,21.26,40.92,19.97,39.01,22.20,40.08,21.29,38.43,19.29,47.09,5.47,82.83,19.96,36.25,21.97,42.83,20.10,40.93,4.27,754.62,87.83,4.91,41.22,1.83,11.4805,11.4805
2016-01-18 07:20:00,139,10,21.84,40.46,19.92,40.61,21.70,39.62,20.73,38.76,19.22,46.46,4.82,84.51,19.80,36.01,21.68,42.26,19.85,41.65,3.62,756.20,89.51,2.62,38.98,1.52,31.7350,31.7350
2016-01-18 07:30:00,141,10,21.79,39.95,20.36,40.01,21.96,39.34,20.92,39.85,19.71,45.72,4.56,82.35,19.80,36.69,21.65,41.81,20.28,41.32,3.36,757.39,87.35,3.45,41.75,0.83,18.1278,18.1278
2016-01-18 07:40:00,131,10,21.16,40.15,20.06,40.19,22.09,38.92,21.01,38.44,19.55,47.08,4.94,84.26,20.11,36.50,22.00,42.42,20.31,41.20,3.74,757.73,89.26,3.42,39.12,1.59,4.7146,4.7146
2016-01-18 07:50:00,145,10,21.35,40.73,20.26,40.60,21.82,40.15,21.17,38.87,19.33,44.53,4.70,84.84,19.83,36.18,22.04,41.20,19.86,41.44,3.50,755.54,89.84,4.67,38.15,1.47,29.1147,29.1147
2016-01-18 08:00:00,141,10,21.33,40.87,20.04,39.03,22.12,38.86,20.97,39.48,19.79,47.50,4.41,86.21,19.78,35.39,21.85,42.06,20.35,41.88,3.21,755.96,91.21,5.69,38.30,1.45,15.4082,15.4082
2016-01-18 08:10:00,115,10,21.49,40.69,20.36,40.05,22.25,38.76,20.97,39.29,19.59,44.23,4.68,84.71,20.09,36.95,21.67,41.78,19.83,41.40,3.48,754.39,89.71,4.11,40.04,1.42,48.3976,48.3976
2016-01-18 08:20:00,114,10,21.56,40.07,20.42,39.54,21.71,39.86,21.01,39.37,19.57,46.27,4.36,86.79,20.18,35.39,21.91,41.48,19.80,41.24,3.16,754.22,91.79,3.57,42.48,1.52,45.0798,45.0798
2016-01-18 08:30:00,111,10,21.43,39.77,19.98,39.20,21.89,40.30,21.14,39.37,19.44,45.11,3.92,85.38,20.00,36.85,22.07,41.64,20.25,40.72,2.72,757.04,90.38,2.71,43.80,0.80,24.6896,24.6896
2016-01-18 08:40:00,126,10,21.52,39.68,20.37,39.83,22.02,38.77,21.11,38.71,19.45,45.41,4.39,86.31,19.90,35.31,22.04,42.72,19.96,41.54,3.19,754.59,91.31,2.52,35.52,1.45,29.2590,29.2590
2016-01-18 08:50:00,124,10,21.83,41.00,19.91,40.55,22.20,40.14,21.22,39.46,19.47,47.83,3.62,86.23,19.94,35.09,21.87,42.62,19.96,41.83,2.42,757.09,91.23,3.21,40.29,0.67,25.6093,25.6093
2016-01-18 09:00:00,118,0,21.53,39.06,20.27,40.75,22.15,38.93,21.10,38.02,19.66,46.55,3.41,89.18,20.19,35.95,21.79,42.69,20.29,41.15,2.21,754.00,94.18,2.67,41.11,1.05,24.3750,24.3750
2016-01-18 09:10:00,98,0,21.32,39.03,20.09,39.08,21.82,40.01,20.93,39.38,19.38,46.04,3.49,86.92,20.29,36.15,21.80,42.28,19.93,40.50,2.29,753.61,91.92,3.23,38.89,0.67,1.9042,1.9042
2016-01-18 09:20:00,86,0,21.23,40.23,20.06,40.30,22.19,38.59,20.84,38.18,19.75,46.40,3.90,89.64,20.16,35.66,21.67,42.68,19.81,40.38,2.70,752.27,94.64,4.80,39.32,1.63,15.9846,15.9846
2016-01-18 09:30:00,119,0,21.47,40.22,20.47,39.23,21.89,39.53,20.96,38.53,19.75,46.09,3.10,89.83,19.80,35.01,21.81,42.45,20.30,40.64,1.90,755.99,94.83,4.15,40.33,0.87,31.7866,31.7866
2016-01-18 09:40:00,100,0,21.62,39.44,20.48,39.86,22.14,39.22,21.03,39.43,19.65,44.66,3.64,90.32,19.95,35.96,22.06,41.42,20.31,40.89,2.44,753.66,95.32,4.50,36.59,1.50,34.5901,34.5901
2016-01-18 09:50:00,91,0,21.40,40.96,20.22,40.79,22.16,39.44,21.00,38.59,19.29,45.53,3.07,89.67,19.92,35.68,21.69,42.25,20.16,40.05,1.87,755.94,94.67,4.75,41.81,0.80,21.1796,21.1796
2016-01-18 10:00:00,45,0,21.50,40.16,20.49,40.77,22.11,39.65,20.72,39.63,19.66,45.71,2.97,90.39,20.19,36.75,21.93,42.26,20.07,41.34,1.77,753.32,95.39,4.16,39.50,0.85,27.5051,27.5051
2016-01-18 10:10:00,205,0,21.73,39.84,20.09,39.41,25.29,52.26,21.03,39.25,19.22,45.81,3.60,91.58,19.83,36.03,21.71,41.13,20.10,40.12,2.40,755.49,96.58,4.96,35.71,1.72,28.8895,28.8895
2016-01-18 10:20:00,205,0,21.76,39.42,20.06,40.02,25.02,52.22,21.28,39.37,19.44,44.60,3.13,91.72,20.06,36.36,21.61,42.87,20.27,41.21,1.93,756.57,96.72,4.70,36.68,1.27,31.3377,31.3377
2016-01-18 10:30:00,205,0,21.55,40.58,20.21,39.77,25.16,51.52,20.78,39.62,19.59,45.95,3.07,88.22,20.25,35.78,21.96,42.93,19.82,40.24,1.87,757.27,93.22,4.41,36.55,0.51,22.8247,22.8247
2016-01-18 10:40:00,205,0,21.59,39.46,20.06,40.41,25.21,51.82,21.06,38.91,19.23,46.86,2.85,89.87,19.73,35.98,21.78,42.23,20.32,41.57,1.65,752.88,94.87,4.44,38.88,0.62,42.5215,42.5215
2016-01-18 10:50:00,205,0,21.45,40.48,20.36,40.68,25.23,50.70,20.90,39.26,19.61,47.07,3.70,88.75,19.96,36.81,21.71,42.29,20.11,41.24,2.50,754.13,93.75,4.06,43.00,1.25,33.4241,33.4241
2016-01-18 11:00:00,45,0,21.39,40.02,20.03,40.94,21.89,39.12,20.99,38.10,19.75,44.41,3.44,90.07,19.79,35.45,21.89,41.65,19.83,40.80,2.24,756.27,95.07,3.48,35.45,1.25,48.5430,48.5430
2016-01-18 11:10:00,45,0,21.16,39.07,20.28,40.76,21.97,39.39,20.73,39.76,19.34,47.89,2.82,90.50,20.18,36.26,21.71,42.02,19.96,41.95,1.62,754.36,95.50,5.77,40.34,0.72,28.5762,28.5762
2016-01-18 11:20:00,45,0,21.78,40.91,20.39,39.13,21.83,38.77,20.89,38.44,19.50,46.65,3.01,91.60,20.22,35.71,22.07,41.73,20.22,40.32,1.81,757.94,96.60,5.37,39.23,1.13,44.6806,44.6806
2016-01-18 11:30:00,45,0,21.72,39.42,19.92,40.13,21.75,39.62,21.25,39.32,19.59,47.98,3.40,90.52,19.84,35.35,21.55,42.71,20.24,40.14,2.20,753.40,95.52,4.28,44.62,1.31,17.6541,17.6541
2016-01-18 11:40:00,45,0,21.47,39.41,20.07,39.77,21.98,39.01,20.81,38.24,19.65,46.29,3.50,89.92,20.03,36.30,22.05,41.97,20.24,41.85,2.30,755.50,94.92,5.29,35.24,1.28,30.2684,30.2684
2016-01-18 11:50:00,45,0,21.16,40.33,20.14,40.10,22.09,40.39,21.23,38.20,19.67,45.20,3.22,89.41,19.86,35.96,21.92,41.12,20.15,41.63,2.02,754.02,94.41,5.82,43.98,0.90,10.7630,10.7630
2016-01-18 12:00:00,45,0,21.68,39.25,20.14,40.33,22.30,40.44,21.16,38.06,19.29,47.85,3.32,89.29,20.08,36.94,21.95,42.15,20.19,40.77,2.12,752.15,94.29,5.99,40.91,0.98,40.3202,40.3202
2016-01-18 12:10:00,45,0,21.70,40.98,20.15,40.91,21.70,40.49,21.15,39.83,19.37,47.25,3.00,90.87,20.25,35.27,22.01,41.26,20.21,41.96,1.80,754.49,95.87,4.08,36.23,0.98,13.8959,13.8959
2016-01-18 12:20:00,45,0,21.44,39.44,20.15,39.72,22.14,38.69,21.22,39.23,19.40,46.54,3.53,87.25,19.87,35.81,21.66,41.05,19.90,40.49,2.33,757.40,92.25,3.23,39.38,0.78,42.2006,42.2006
2016-01-18 12:30:00,45,0,21.21,40.62,20.39,39.22,21.93,39.48,20.78,38.44,19.54,47.13,3.07,88.07,19.91,36.81,21.73,42.22,20.00,41.17,1.87,754.37,93.07,3.76,43.82,0.48,8.5816,8.5816
2016-01-18 12:40:00,45,0,21.34,39.09,20.03,40.72,22.18,40.13,20.89,39.95,19.65,45.34,3.26,89.34,19.74,36.44,21.62,42.87,20.38,41.56,2.06,754.25,94.34,5.58,43.12,0.92,45.4173,45.4173
2016-01-18 12:50:00,45,0,21.28,39.00,20.18,39.48,21.84,39.01,20.92,38.76,19.64,44.33,3.41,88.50,20.11,35.58,22.00,41.30,19.86,40.52,2.21,754.89,93.50,3.13,44.11,0.91,38.5200,38.5200
2016-01-18 13:00:00,45,0,21.80,39.02,19.91,39.64,21.85,39.49,20.96,38.19,19.32,46.79,3.69,88.06,20.18,36.00,21.54,42.45,20.12,41.93,2.49,755.54,93.06,3.61,35.64,1.11,5.1172,5.1172
2016-01-18 13:10:00,45,0,21.49,39.83,20.28,40.89,21.71,40.10,20.75,38.91,19.23,46.69,3.53,85.99,20.08,35.64,21.68,41.66,20.07,40.11,2.33,752.55,90.99,2.73,37.29,0.53,31.8311,31.8311
2016-01-18 13:20:00,45,0,21.30,40.62,19.94,40.88,21.81,39.99,20.71,38.07,19.31,44.22,4.08,85.30,20.28,35.86,21.70,42.29,20.37,41.82,2.88,757.18,90.30,5.38,41.57,0.93,1.9056,1.9056
2016-01-18 13:30:00,45,0,21.73,39.05,20.15,39.07,21.89,39.01,21.14,39.13,19.21,47.93,3.85,88.22,19.94,36.79,21.62,42.48,19.88,40.27,2.65,753.01,93.22,5.09,35.96,1.30,7.5582,7.5582
2016-01-18 13:40:00,45,0,21.63,39.09,20.13,40.31,21.76,39.83,21.07,38.09,19.25,47.03,3.67,88.46,19.85,35.61,21.63,41.20,19.94,40.35,2.47,753.39,93.46,5.92,36.30,1.16,9.7137,9.7137
2016-01-18 13:50:00,45,0,21.30,40.66,20.15,39.57,21.78,39.11,21.00,38.60,19.68,46.44,4.13,87.95,19.96,35.01,21.66,42.02,20.06,40.54,2.93,756.78,92.95,3.05,42.33,1.52,36.7803,36.7803
2016-01-18 14:00:00,45,0,21.64,40.25,20.42,39.49,22.10,39.60,21.08,38.35,19.48,44.93,4.60,85.94,19.94,36.55,21.70,41.36,20.03,41.92,3.40,754.14,90.94,4.03,39.54,1.59,18.8045,18.8045
2016-01-18 14:10:00,45,0,21.23,40.58,20.42,40.02,22.07,39.33,20.88,38.53,19.67,45.48,4.33,86.52,19.85,36.70,21.92,41.32,20.33,41.55,3.13,753.61,91.52,5.17,38.90,1.43,46.5507,46.5507
2016-01-18 14:20:00,45,0,21.55,40.40,20.32,39.82,22.16,40.26,21.05,39.78,19.65,44.62,5.05,84.22,19.82,36.82,21.95,41.78,20.35,40.30,3.85,756.32,89.22,4.83,38.38,1.70,5.9564,5.9564
2016-01-18 14:30:00,45,0,21.86,40.49,20.23,39.45,21.86,40.38,20.87,39.10,19.50,45.72,4.74,82.76,20.10,35.05,21.97,41.79,20.12,40.59,3.54,754.75,87.76,4.76,44.34,1.09,23.5787,23.5787
2016-01-18 14:40:00,45,0,21.16,39.19,20.42,40.35,22.00,38.70,21.24,39.03,19.32,45.85,5.04,84.07,19.72,35.05,21.98,41.95,20.03,40.94,3.84,756.51,89.07,5.16,42.87,1.66,8.9702,8.9702
2016-01-18 14:50:00,45,0,21.49,40.11,20.33,40.11,21.78,39.96,21.04,38.24,19.79,47.92,5.38,81.08,19.94,35.39,21.96,42.57,20.07,40.37,4.18,752.57,86.08,4.38,39.24,1.40,31.8373,31.8373
2016-01-18 15:00:00,45,0,21.66,39.69,20.14,40.83,21.81,38.72,20.78,39.86,19.72,46.35,5.54,83.49,20.24,35.02,21.74,42.15,20.10,41.33,4.34,757.95,88.49,4.71,38.89,2.04,48.6868,48.6868
2016-01-18 15:10:00,45,0,21.47,40.24,20.17,40.34,21.95,40.28,20.83,38.66,19.56,44.13,4.96,82.49,20.27,35.21,21.71,42.55,19.82,40.80,3.76,756.22,87.49,3.84,37.92,1.26,35.4839,35.4839
2016-01-18 15:20:00,45,0,21.28,39.54,20.06,39.95,22.10,40.17,21.09,38.41,19.61,46.13,5.58,80.43,19.76,35.09,21.84,42.59,19.96,41.46,4.38,755.51,85.43,5.16,35.81,1.46,46.8406,46.8406
2016-01-18 15:30:00,45,0,21.54,39.21,19.91,39.57,22.09,39.68,21.09,39.54,19.23,45.25,6.03,80.71,20.24,35.32,22.05,41.30,20.14,41.76,4.83,753.30,85.71,2.76,37.51,1.98,41.9544,41.9544
2016-01-18 15:40:00,45,0,21.80,40.20,20.05,39.29,22.27,40.04,20.85,39.79,19.76,45.21,6.26,79.75,19.86,35.31,21.54,41.64,19.84,40.12,5.06,755.27,84.75,2.62,44.65,2.01,23.9467,23.9467
2016-01-18 15:50:00,45,0,21.84,39.76,19.95,40.57,21.76,39.90,20.75,38.99,19.32,44.54,6.48,77.90,20.12,36.17,21.69,42.70,19.81,40.27,5.28,757.02,82.90,5.75,36.00,1.86,44.4982,44.4982
2016-01-18 16:00:00,45,0,21.17,39.18,19.98,40.07,22.21,39.10,20.78,38.97,19.62,47.09,6.33,76.90,20.06,36.94,21.79,42.02,20.09,40.59,5.13,757.82,81.90,4.32,43.03,1.51,21.5778,21.5778
2016-01-18 16:10:00,45,0,21.50,40.23,19.97,40.97,21.77,39.66,20.87,38.50,19.29,45.39,6.44,77.20,20.23,35.15,21.64,42.84,19.93,40.10,5.24,756.73,82.20,2.78,44.18,1.68,29.6470,29.6470
2016-01-18 16:20:00,45,0,21.38,39.33,20.09,40.52,22.00,39.12,20.75,38.28,19.42,45.95,6.44,78.25,20.19,36.87,21.78,42.09,20.22,40.55,5.24,754.33,83.25,3.92,37.53,1.89,26.2342,26.2342
2016-01-18 16:30:00,45,0,21.58,40.96,19.92,39.21,22.29,39.90,20.90,38.90,19.76,47.67,7.09,76.66,19.82,35.73,21.80,42.77,20.31,40.37,5.89,755.63,81.66,4.27,44.82,2.22,31.6313,31.6313
2016-01-18 16:40:00,45,0,21.39,39.52,20.42,39.95,22.10,38.67,21.22,39.31,19.36,47.36,6.44,74.93,19.70,36.64,21.81,42.91,20.05,40.36,5.24,754.43,79.93,5.16,38.62,1.22,2.9452,2.9452
2016-01-18 16:50:00,45,0,21.61,40.63,20.15,40.20,22.10,40.48,21.18,38.20,19.28,44.56,7.23,75.43,19.98,35.34,21.80,41.22,20.01,41.59,6.03,756.85,80.43,5.57,35.03,2.11,8.7442,8.7442
2016-01-18 17:00:00,45,0,21.53,39.94,20.42,40.05,21.91,39.71,21.06,38.06,19.36,44.16,6.93,75.21,20.15,35.54,21.86,41.23,20.02,41.56,5.73,753.09,80.21,4.45,37.84,1.77,34.8175,34.8175
2016-01-18 17:10:00,45,0,21.26,40.93,20.47,40.86,21.80,39.79,21.06,39.85,19.20,47.72,7.81,73.73,19.87,36.28,22.06,41.72,20.09,41.96,6.61,752.18,78.73,5.49,42.74,2.36,29.7422,29.7422
2016-01-18 17:20:00,45,0,21.12,39.60,20.27,40.82,22.13,39.16,20.88,39.23,19.72,44.50,7.51,72.65,20.16,36.52,21.56,42.31,19.97,41.11,6.31,752.77,77.65,4.39,43.51,1.84,39.3936,39.3936
2016-01-18 17:30:00,45,0,21.51,40.11,20.27,39.05,21.83,39.19,21.29,39.12,19.63,44.10,7.51,74.58,20.30,35.93,21.85,41.23,19.89,40.44,6.31,752.77,79.58,2.63,35.85,2.23,32.7114,32.7114
2016-01-18 17:40:00,45,0,21.68,40.19,19.91,40.63,22.03,40.42,21.25,39.57,19.56,45.22,8.12,73.27,20.16,36.09,21.67,42.15,20.24,41.67,6.92,753.50,78.27,5.71,37.40,2.57,29.9317,29.9317
2016-01-18 17:50:00,45,0,21.59,40.09,19.91,39.13,21.73,39.16,20.98,38.47,19.65,45.49,8.00,72.30,20.24,35.17,21.69,41.89,19.86,40.45,6.80,756.14,77.30,3.76,36.53,2.26,32.8663,32.8663
2016-01-18 18:00:00,273,30,21.12,49.56,20.19,39.80,22.07,39.78,21.21,38.59,19.38,47.10,7.80,71.47,20.00,36.82,21.69,42.75,19.81,40.56,6.60,755.31,76.47,2.99,37.20,1.90,9.8409,9.8409
2016-01-18 18:10:00,226,30,21.16,50.42,20.08,40.44,21.91,40.38,20.94,38.22,19.52,45.26,8.80,69.19,19.87,36.91,22.06,41.77,20.30,41.13,7.60,753.81,74.19,2.52,35.32,2.44,19.1835,19.1835
2016-01-18 18:20:00,269,30,21.22,50.59,20.31,39.58,21.81,38.94,20.75,39.28,19.75,44.56,8.23,69.68,19.93,35.09,21.51,42.66,20.16,40.78,7.03,753.43,74.68,5.17,37.22,1.97,44.4314,44.4314
2016-01-18 18:30:00,242,30,21.21,49.26,20.08,39.81,22.02,40.04,21.24,38.72,19.34,44.70,8.83,69.03,19.94,36.21,21.78,42.98,19.80,40.44,7.63,752.60,74.03,3.53,36.57,2.44,7.0577,7.0577
2016-01-18 18:40:00,228,30,21.34,50.56,20.39,39.02,21.79,39.34,21.10,38.10,19.55,46.57,8.42,67.52,19.83,36.24,21.79,41.97,20.16,40.00,7.22,757.03,72.52,4.55,40.00,1.73,32.0141,32.0141
2016-01-18 18:50:00,224,30,21.40,50.44,20.07,39.98,22.01,39.24,21.28,38.62,19.64,46.32,9.13,67.44,20.07,36.80,21.64,41.57,20.27,41.45,7.93,752.60,72.44,3.01,43.42,2.42,47.9160,47.9160
2016-01-18 19:00:00,407,30,21.53,49.15,20.10,39.58,25.20,51.39,21.17,38.24,19.38,47.03,8.93,69.35,19.82,36.23,22.05,42.84,20.20,41.95,7.73,755.91,74.35,4.14,44.16,2.60,21.5396,21.5396
2016-01-18 19:10:00,215,30,21.43,49.25,20.37,39.32,22.12,39.14,21.03,38.81,19.24,46.89,9.28,65.17,19.74,35.26,21.54,41.23,20.09,41.09,8.08,753.06,70.17,4.15,43.96,2.11,45.5133,45.5133
2016-01-18 19:20:00,273,30,21.26,49.97,20.22,40.17,21.78,40.14,21.01,38.57,19.51,45.66,9.62,66.31,20.25,35.17,21.67,41.30,19.99,40.04,8.42,754.57,71.31,3.67,36.35,2.69,2.3881,2.3881
2016-01-18 19:30:00,268,30,21.83,49.30,20.05,40.39,21.86,39.19,21.10,39.00,19.43,46.45,9.59,65.22,19.78,35.96,22.08,42.43,19.86,41.32,8.39,757.45,70.22,4.49,40.38,2.43,10.6819,10.6819
2016-01-18 19:40:00,399,30,21.52,49.08,19.96,39.55,25.19,52.11,20.80,38.86,19.38,45.72,9.68,65.64,20.22,36.75,22.02,41.74,20.28,40.98,8.48,757.29,70.64,3.69,37.10,2.61,48.6843,48.6843
2016-01-18 19:50:00,407,30,21.64,49.63,20.35,40.23,24.86,51.38,20.88,38.85,19.30,47.26,9.75,66.72,20.05,36.42,22.00,41.04,20.04,40.28,8.55,757.46,71.72,4.21,43.34,2.89,1.2791,1.2791
2016-01-18 20:00:00,219,30,21.19,50.64,19.93,39.84,21.78,39.39,20.95,38.98,19.56,44.93,9.66,64.66,19.89,35.04,21.76,42.56,19.95,41.75,8.46,753.96,69.66,4.37,38.34,2.39,42.5907,42.5907
2016-01-18 20:10:00,237,30,21.25,50.57,20.08,39.99,22.03,40.21,21.26,39.40,19.64,44.03,10.22,63.15,20.25,36.94,21.93,41.93,20.33,40.75,9.02,757.21,68.15,4.80,44.01,2.65,42.4729,42.4729
2016-01-18 20:20:00,272,30,21.17,49.91,20.31,40.89,22.29,38.79,20.85,38.89,19.64,44.62,10.42,63.35,19.73,36.13,21.92,41.63,20.23,40.79,9.22,753.22,68.35,4.77,40.30,2.89,20.2097,20.2097
2016-01-18 20:30:00,291,30,21.73,50.62,20.16,39.01,21.74,38.78,21.18,38.30,19.69,47.36,9.89,61.89,20.23,36.44,21.81,42.01,19.96,40.78,8.69,755.78,66.89,4.85,43.49,2.06,13.1501,13.1501
2016-01-18 20:40:00,261,30,21.56,49.05,20.37,39.33,22.29,39.58,20.94,39.45,19.58,46.79,10.52,61.53,19.93,36.70,21.88,41.51,20.35,41.78,9.32,756.52,66.53,3.98,39.51,2.63,43.0820,43.0820
2016-01-18 20:50:00,256,30,21.14,50.73,19.99,40.24,22.16,38.69,21.04,38.43,19.23,46.61,10.10,64.29,20.23,35.00,21.56,41.66,20.03,40.95,8.90,757.50,69.29,3.48,42.15,2.76,38.7800,38.7800
2016-01-18 21:00:00,222,30,21.52,40.02,20.28,40.46,21.72,39.01,20.74,38.56,19.36,44.26,10.86,62.84,19.94,36.79,21.70,42.37,20.30,40.38,9.66,752.36,67.84,5.57,37.17,3.22,31.4467,31.4467
2016-01-18 21:10:00,246,30,21.26,40.25,19.91,40.84,22.01,39.14,20.87,38.22,19.70,45.80,10.76,60.56,19.86,35.18,22.06,41.07,20.33,41.58,9.56,753.86,65.56,3.62,40.06,2.68,32.5388,32.5388
2016-01-18 21:20:00,283,30,21.45,39.21,20.21,39.78,22.29,39.53,20.95,38.17,19.54,47.31,10.93,62.18,19.93,35.71,21.94,42.04,20.20,40.32,9.73,755.88,67.18,3.21,42.02,3.17,4.1523,4.1523
2016-01-18 21:30:00,221,30,21.25,39.71,20.22,40.18,21.95,39.38,20.79,38.74,19.42,44.96,11.11,62.60,19.85,36.31,21.96,42.02,19.97,40.78,9.91,754.00,67.60,5.93,37.07,3.44,32.6540,32.6540
2016-01-18 21:40:00,265,30,21.53,39.54,20.16,40.10,22.06,38.92,21.19,39.55,19.20,47.15,11.36,61.71,19.90,35.32,22.00,41.36,20.25,40.86,10.16,754.01,66.71,2.65,41.81,3.51,27.8884,27.8884
2016-01-18 21:50:00,231,30,21.36,40.75,20.12,39.60,21.76,38.98,21.18,38.93,19.31,47.66,10.77,58.97,20.02,36.13,21.78,42.77,20.31,41.28,9.57,754.23,63.97,5.09,35.61,2.36,37.7452,37.7452
2016-01-18 22:00:00,45,0,21.84,40.90,19.97,40.76,22.00,38.78,20.78,39.46,19.59,47.69,11.43,61.89,19.82,36.56,21.54,41.89,19.85,40.15,10.23,757.70,66.89,5.28,39.69,3.61,40.7095,40.7095
2016-01-18 22:10:00,45,0,21.81,40.93,20.11,40.32,22.21,39.88,20.97,38.94,19.65,47.34,11.32,59.47,20.17,36.81,22.06,42.36,20.15,40.95,10.12,753.16,64.47,4.86,39.89,3.02,19.0575,19.0575
2016-01-18 22:20:00,45,0,21.34,40.21,20.33,39.76,22.21,38.89,21.17,38.03,19.57,45.47,11.35,59.97,19.80,36.65,21.67,41.28,20.20,41.36,10.15,756.63,64.97,3.91,39.55,3.14,18.4974,18.4974
2016-01-18 22:30:00,45,0,21.56,40.52,20.05,40.25,21.71,38.54,21.12,38.96,19.35,44.20,11.45,60.62,19.77,35.99,21.88,41.23,20.34,40.66,10.25,757.74,65.62,3.14,43.38,3.37,36.7706,36.7706
2016-01-18 22:40:00,45,0,21.12,39.07,20.14,40.12,22.13,39.84,21.21,39.82,19.56,47.45,10.78,58.33,20.25,35.41,21.69,42.02,20.23,40.72,9.58,756.25,63.33,5.68,39.19,2.25,43.9327,43.9327
2016-01-18 22:50:00,45,0,21.30,39.48,20.44,40.01,21.95,39.77,21.21,39.36,19.34,44.62,11.30,58.45,20.23,35.18,22.10,41.99,19.88,41.31,10.10,755.42,63.45,4.15,35.91,2.79,21.3176,21.3176
2016-01-18 23:00:00,45,0,21.81,40.80,20.49,40.00,21.78,38.51,21.19,39.38,19.64,46.63,10.85,60.07,19.71,35.78,21.53,41.61,20.25,41.58,9.65,753.86,65.07,4.39,37.64,2.66,16.3422,16.3422
2016-01-18 23:10:00,45,0,21.80,39.80,20.29,40.46,22.23,39.89,20.82,38.47,19.74,47.38,11.29,60.25,20.25,35.76,21.93,42.67,19.92,40.03,10.09,754.03,65.25,3.23,36.43,3.14,44.5396,44.5396
2016-01-18 23:20:00,45,0,21.15,39.89,19.97,39.01,22.26,40.21,21.02,38.09,19.52,47.93,10.74,58.21,19.84,36.40,21.67,41.67,20.33,41.20,9.54,752.31,63.21,5.37,40.89,2.18,9.6261,9.6261
2016-01-18 23:30:00,45,0,21.61,39.83,19.95,40.54,21.94,39.57,21.09,39.02,19.69,44.56,11.35,60.61,19.78,36.27,21.81,41.70,20.39,41.52,10.15,753.38,65.61,5.73,42.06,3.27,15.5488,15.5488
2016-01-18 23:40:00,45,0,21.38,40.44,19.94,40.66,22.30,38.57,20.91,39.10,19.33,47.12,11.10,61.02,19.85,36.72,21.76,42.86,20.16,41.24,9.90,753.54,66.02,4.10,35.04,3.10,14.9304,14.9304
2016-01-18 23:50:00,45,0,21.44,39.47,20.50,40.47,21.91,38.56,21.14,38.81,19.49,45.92,10.74,60.59,20.22,36.02,21.79,42.74,19.88,41.06,9.54,757.92,65.59,5.11,36.40,2.66,39.9036,39.9036
2016-01-19 00:00:00,41,0,21.39,39.18,20.29,40.76,22.17,38.82,21.25,38.34,19.30,45.70,10.78,62.22,19.96,36.03,21.91,41.02,20.22,40.39,9.58,754.59,67.22,4.34,41.65,3.02,31.8919,31.8919
2016-01-19 00:10:00,48,0,21.64,40.43,20.48,39.00,21.87,39.67,21.19,39.13,19.26,45.29,10.91,61.96,20.07,35.96,21.59,41.65,20.16,40.99,9.71,753.01,66.96,4.43,41.41,3.10,15.2265,15.2265
2016-01-19 00:20:00,41,0,21.84,40.84,20.46,39.58,22.16,38.72,21.27,38.78,19.49,46.33,10.65,61.13,20.04,36.91,21.58,42.91,20.32,41.73,9.45,757.76,66.13,4.36,38.17,2.67,17.8441,17.8441
2016-01-19 00:30:00,42,0,21.13,40.75,20.12,39.09,22.13,38.87,20.86,39.41,19.31,47.79,10.93,59.46,20.04,36.78,21.71,41.93,19.83,40.47,9.73,752.68,64.46,5.92,40.26,2.62,1.7997,1.7997
2016-01-19 00:40:00,45,0,21.15,40.01,20.40,39.07,21.87,39.64,21.28,38.80,19.59,45.38,10.52,59.90,20.30,35.32,22.01,41.82,19.93,40.24,9.32,756.39,64.90,3.02,41.34,2.30,27.9181,27.9181
2016-01-19 00:50:00,52,0,21.21,39.52,20.00,39.77,22.13,38.78,21.12,39.15,19.42,45.88,11.13,59.75,20.18,36.27,22.10,42.39,20.00,41.77,9.93,757.71,64.75,4.74,35.20,2.88,34.1382,34.1382
2016-01-19 01:00:00,52,0,21.43,40.55,20.20,39.10,21.93,40.31,21.17,38.72,19.38,47.76,10.93,61.23,19.83,35.66,21.54,41.76,20.06,41.10,9.73,757.68,66.23,5.86,38.67,2.97,26.7500,26.7500
2016-01-19 01:10:00,52,0,21.26,39.59,20.34,39.46,22.26,39.21,21.03,38.86,19.30,45.67,10.43,63.85,20.00,35.87,21.73,41.60,19.99,40.31,9.23,753.19,68.85,5.12,37.68,3.00,42.3125,42.3125
2016-01-19 01:20:00,44,0,21.29,40.55,20.29,40.54,22.07,38.94,21.20,38.50,19.35,47.90,10.45,62.81,19.96,36.19,21.70,42.07,20.01,41.53,9.25,752.03,67.81,4.28,41.09,2.81,38.9414,38.9414
2016-01-19 01:30:00,53,0,21.47,40.47,19.90,39.92,21.87,40.34,21.15,39.52,19.54,46.79,9.93,65.08,19.97,36.83,21.79,41.28,20.38,40.63,8.73,752.19,70.08,3.11,37.69,2.75,31.4769,31.4769
2016-01-19 01:40:00,43,0,21.44,39.67,20.50,39.22,21.72,38.77,21.12,38.01,19.80,44.09,10.43,65.39,19.81,36.12,21.69,41.69,20.33,40.28,9.23,752.03,70.39,4.47,35.29,3.31,23.2718,23.2718
2016-01-19 01:50:00,45,0,21.79,40.52,20.01,40.59,22.13,38.70,20.79,39.31,19.55,45.10,10.33,64.63,20.22,35.80,21.61,41.92,19.96,41.10,9.13,753.40,69.63,3.28,39.91,3.06,41.3437,41.3437
2016-01-19 02:00:00,45,0,21.28,39.38,20.33,39.70,21.88,40.41,20.86,39.51,19.79,47.19,9.71,65.06,20.19,36.25,21.85,41.65,19.85,41.33,8.51,752.67,70.06,2.68,38.63,2.52,45.3117,45.3117
2016-01-19 02:10:00,51,0,21.71,39.27,20.01,40.69,21.95,38.90,20.97,38.77,19.80,44.56,9.76,65.89,19.75,35.63,21.79,42.93,20.23,41.52,8.56,753.32,70.89,4.09,35.31,2.74,36.8639,36.8639
2016-01-19 02:20:00,54,0,21.19,40.95,20.29,39.78,21.71,39.74,20.74,39.14,19.25,47.33,9.53,63.76,19.84,36.58,21.64,42.24,20.00,40.15,8.33,756.52,68.76,2.60,37.58,2.08,36.7471,36.7471
2016-01-19 02:30:00,54,0,21.21,40.64,20.45,40.41,21.95,38.96,21.18,39.90,19.77,44.86,9.45,64.00,20.17,36.66,21.82,42.11,20.37,40.62,8.25,753.98,69.00,4.65,40.90,2.05,17.5195,17.5195
2016-01-19 02:40:00,44,0,21.42,39.73,20.42,39.29,21.81,39.94,20.76,38.51,19.48,47.07,9.65,67.00,19.96,35.93,21.86,41.13,20.23,40.59,8.45,752.34,72.00,3.79,43.16,2.85,2.1656,2.1656
2016-01-19 02:50:00,47,0,21.30,40.77,20.12,40.83,21.75,38.58,21.09,38.31,19.79,45.94,9.11,68.52,19.77,36.29,21.69,41.82,20.21,40.23,7.91,755.13,73.52,4.98,41.47,2.61,33.3110,33.3110
2016-01-19 03:00:00,46,0,21.27,39.32,19.97,39.85,22.11,38.67,20.73,39.01,19.34,46.47,8.83,69.11,19.79,36.19,21.65,42.13,19.85,40.64,7.63,757.76,74.11,5.33,44.10,2.45,11.4559,11.4559
2016-01-19 03:10:00,43,0,21.46,39.00,20.29,39.69,22.06,39.74,21.14,38.75,19.32,45.02,9.33,66.53,19.89,35.02,22.09,41.01,20.27,40.75,8.13,752.16,71.53,2.98,40.14,2.43,39.7320,39.7320
2016-01-19 03:20:00,50,0,21.38,39.11,20.26,40.01,21.97,39.29,20.84,39.56,19.36,46.42,8.88,69.11,20.13,35.41,21.74,42.38,20.21,40.60,7.68,757.32,74.11,5.11,38.10,2.51,4.3028,4.3028
2016-01-19 03:30:00,40,0,21.29,40.10,19.98,39.35,21.73,40.00,20.76,38.49,19.43,44.40,8.38,70.41,19.89,35.30,21.56,42.07,20.13,40.72,7.18,755.25,75.41,2.84,35.76,2.26,12.3302,12.3302
2016-01-19 03:40:00,47,0,21.52,40.45,20.28,39.44,22.20,38.98,21.04,39.34,19.25,47.75,8.62,68.66,19.99,35.49,21.73,41.03,20.25,41.19,7.42,756.39,73.66,5.59,41.72,2.15,15.7003,15.7003
2016-01-19 03:50:00,41,0,21.67,40.56,20.48,40.83,21.97,39.37,20.86,38.73,19.68,47.18,8.38,68.67,20.10,36.68,21.69,41.36,20.08,41.06,7.18,752.14,73.67,2.95,37.57,1.92,4.8845,4.8845
2016-01-19 04:00:00,42,0,21.31,39.73,20.26,39.28,21.94,39.18,21.19,39.20,19.47,45.99,8.52,72.13,19.84,35.89,21.91,41.23,20.25,41.00,7.32,755.73,77.13,5.29,38.04,2.74,20.9331,20.9331
2016-01-19 04:10:00,51,0,21.76,40.85,20.16,39.44,21.72,39.23,20.82,38.20,19.53,47.41,7.99,72.09,19.99,35.57,22.10,41.33,19.88,41.37,6.79,754.40,77.09,2.97,39.02,2.21,45.5262,45.5262
2016-01-19 04:20:00,51,0,21.41,39.99,20.02,39.44,21.88,39.86,20.74,38.91,19.67,46.74,7.68,71.92,19.80,36.34,21.72,41.59,19.94,41.20,6.48,752.41,76.92,3.54,38.91,1.87,48.5368,48.5368
2016-01-19 04:30:00,52,0,21.35,40.08,20.24,40.19,22.24,40.35,20.83,39.10,19.67,44.93,7.43,74.73,19.72,36.08,21.79,42.21,20.18,40.80,6.23,753.57,79.73,2.60,37.50,2.18,11.8966,11.8966
2016-01-19 04:40:00,42,0,21.67,40.90,19.97,40.29,21.99,38.62,20.90,38.45,19.24,47.63,7.81,74.00,19.73,36.49,21.91,42.16,19.85,40.90,6.61,753.09,79.00,5.83,42.79,2.41,7.1576,7.1576
2016-01-19 04:50:00,42,0,21.57,40.98,20.14,39.11,22.20,39.17,20.97,39.23,19.67,46.91,7.35,74.42,20.09,36.67,21.79,41.57,20.17,41.25,6.15,752.12,79.42,4.38,39.46,2.04,3.7303,3.7303
2016-01-19 05:00:00,54,0,21.73,40.98,20.11,40.48,22.03,39.57,20.76,39.88,19.78,45.73,7.57,73.43,20.00,36.26,21.91,42.92,20.22,40.81,6.37,752.75,78.43,3.48,43.54,2.05,12.6762,12.6762
2016-01-19 05:10:00,40,0,21.38,40.64,20.35,40.51,21.76,39.69,21.07,38.44,19.75,46.03,6.73,74.03,19.75,36.68,21.63,42.71,20.23,41.30,5.53,755.58,79.03,5.93,38.67,1.33,43.5789,43.5789
2016-01-19 05:20:00,40,0,21.76,40.00,20.16,39.99,21.81,39.87,20.80,38.78,19.68,46.76,6.88,78.10,19.95,35.24,22.00,41.15,20.17,41.05,5.68,756.19,83.10,2.90,37.07,2.30,13.8525,13.8525
2016-01-19 05:30:00,49,0,21.23,39.71,20.08,40.03,21.90,38.95,21.12,39.81,19.69,44.94,7.03,76.20,20.06,36.17,21.96,41.25,20.09,40.56,5.83,755.61,81.20,2.70,39.76,2.07,36.1609,36.1609
2016-01-19 05:40:00,50,0,21.75,39.14,20.26,40.48,21.89,40.26,20.74,39.48,19.79,47.79,6.16,79.25,19.85,35.99,21.75,41.36,20.36,41.64,4.96,756.66,84.25,5.62,36.06,1.81,48.5900,48.5900
2016-01-19 05:50:00,40,0,21.31,39.52,20.39,40.45,22.03,39.14,20.76,38.78,19.67,46.41,6.24,76.40,19.71,36.54,21.78,41.80,20.20,40.68,5.04,756.18,81.40,3.88,40.71,1.32,46.9808,46.9808
2016-01-19 06:00:00,45,0,21.47,40.26,20.45,39.06,22.29,39.72,21.22,39.41,19.48,46.54,6.25,79.67,20.24,35.66,22.07,42.85,20.05,41.02,5.05,753.84,84.67,5.59,40.79,1.98,4.1940,4.1940
2016-01-19 06:10:00,45,0,21.48,39.27,20.19,39.45,21.88,38.52,21.25,38.61,19.59,46.59,5.70,81.36,20.14,36.89,21.56,42.23,20.33,41.68,4.50,754.82,86.36,5.77,39.53,1.78,12.0176,12.0176
2016-01-19 06:20:00,45,0,21.35,40.80,19.96,40.09,22.09,39.12,20.86,38.59,19.78,47.49,6.14,79.78,19.86,36.34,21.90,41.31,19.97,41.62,4.94,757.47,84.78,3.15,37.35,1.90,37.1890,37.1890
2016-01-19 06:30:00,45,0,21.17,40.34,20.21,40.31,22.29,39.33,20.86,39.23,19.55,44.41,5.18,81.14,20.00,35.38,21.82,42.41,20.34,40.93,3.98,754.64,86.14,3.73,43.94,1.21,16.3561,16.3561
2016-01-19 06:40:00,45,0,21.60,40.02,20.39,39.77,21.75,40.30,21.17,38.05,19.32,45.53,5.84,79.88,20.07,35.36,21.85,42.98,19.82,41.91,4.64,757.03,84.88,5.97,41.84,1.62,12.6094,12.6094
2016-01-19 06:50:00,45,0,21.24,39.34,20.11,39.46,21.93,39.64,20.76,38.13,19.69,47.13,5.24,81.45,19.82,36.35,22.00,42.59,20.27,40.61,4.04,755.50,86.45,5.78,39.23,1.33,14.4612,14.4612
2016-01-19 07:00:00,140,10,21.70,39.54,20.01,40.61,22.10,39.58,20.84,38.48,19.33,45.48,5.33,81.10,20.26,36.48,21.73,42.81,19.95,40.07,4.13,752.01,86.10,3.99,36.78,1.35,21.8636,21.8636
2016-01-19 07:10:00,144,10,21.60,39.27,20.10,39.04,21.86,39.18,21.20,39.16,19.41,47.90,5.36,81.76,20.21,36.27,22.06,42.61,20.39,41.22,4.16,753.49,86.76,4.47,38.84,1.52,43.1986,43.1986
2016-01-19 07:20:00,126,10,21.80,39.84,20.10,39.65,21.76,40.22,20.94,38.09,19.47,47.21,5.25,85.07,20.01,35.01,21.96,42.60,20.00,40.27,4.05,753.49,90.07,3.99,44.04,2.06,25.4156,25.4156
2016-01-19 07:30:00,144,10,21.40,40.93,20.16,40.18,22.07,39.02,20.71,39.40,19.47,47.41,5.20,86.08,20.09,36.74,22.02,41.87,19.83,41.69,4.00,756.44,91.08,4.64,39.02,2.21,30.8188,30.8188
2016-01-19 07:40:00,136,10,21.86,40.86,20.17,39.67,21.99,39.22,20.96,38.65,19.59,44.31,4.21,86.50,20.14,35.84,21.51,41.19,20.09,40.59,3.01,753.29,91.50,4.33,42.96,1.31,28.0228,28.0228
2016-01-19 07:50:00,137,10,21.61,39.87,20.21,39.04,22.29,40.35,20.89,39.82,19.59,47.13,4.18,84.27,19.95,36.41,21.97,41.46,20.01,40.09,2.98,753.24,89.27,5.88,41.11,0.83,40.5916,40.5916
2016-01-19 08:00:00,128,10,21.53,39.34,20.10,39.89,21.88,38.57,20.78,38.11,19.72,47.44,4.14,84.32,20.02,36.74,22.10,41.86,19.90,40.75,2.94,755.37,89.32,2.75,43.31,0.80,40.8842,40.8842
2016-01-19 08:10:00,140,10,21.56,40.52,20.14,40.12,21.73,39.27,20.89,38.70,19.21,47.36,4.54,86.58,19.71,35.16,21.96,41.88,20.15,41.20,3.34,756.56,91.58,3.37,41.47,1.66,5.0348,5.0348
2016-01-19 08:20:00,128,10,21.22,40.74,20.32,39.92,22.01,40.02,20.73,38.43,19.40,44.59,4.28,84.50,20.27,36.49,21.63,41.61,19.97,41.26,3.08,753.76,89.50,5.72,43.60,0.98,13.3919,13.3919
2016-01-19 08:30:00,143,10,21.64,39.30,20.03,39.88,21.95,39.45,21.21,39.80,19.47,44.88,4.12,87.89,19.77,35.89,21.67,41.71,20.08,40.86,2.92,756.31,92.89,3.31,40.37,1.50,33.4097,33.4097
2016-01-19 08:40:00,125,10,21.59,40.82,20.45,40.21,22.19,39.03,21.00,39.55,19.42,45.09,3.81,89.06,19.87,35.48,21.67,42.00,20.00,41.17,2.61,754.67,94.06,3.60,35.41,1.42,41.7252,41.7252
2016-01-19 08:50:00,139,10,21.29,39.78,20.15,39.95,21.72,40.24,20.71,39.73,19.45,45.42,3.79,86.67,19.88,35.89,21.62,41.18,19.99,40.94,2.59,756.95,91.67,2.60,42.53,0.92,10.9695,10.9695
2016-01-19 09:00:00,119,0,21.78,40.48,20.38,39.75,21.91,39.51,20.85,38.58,19.36,44.98,3.30,88.34,20.29,36.60,21.89,41.85,19.95,41.91,2.10,756.73,93.34,4.75,35.47,0.76,44.8618,44.8618
2016-01-19 09:10:00,107,0,21.64,39.03,20.47,39.52,21.72,40.50,21.14,38.14,19.64,47.26,3.28,87.95,20.05,36.51,21.72,41.84,19.85,41.38,2.08,757.90,92.95,4.71,44.15,0.67,29.6970,29.6970
2016-01-19 09:20:00,108,0,21.81,40.00,20.35,39.90,22.26,39.30,20.75,39.46,19.48,45.70,3.81,89.93,19.76,36.29,21.89,42.02,20.20,40.56,2.61,757.96,94.93,2.80,36.02,1.60,23.1548,23.1548
2016-01-19 09:30:00,121,0,21.67,39.03,20.12,39.27,21.94,40.46,21.05,38.03,19.59,44.27,3.40,89.46,20.13,36.40,21.91,41.01,19.91,41.41,2.20,756.69,94.46,3.84,43.85,1.10,24.8262,24.8262
2016-01-19 09:40:00,95,0,21.44,40.83,19.94,39.11,21.74,40.25,21.02,38.75,19.38,45.23,3.80,88.36,20.22,35.43,21.85,41.18,20.07,41.48,2.60,757.03,93.36,4.88,41.23,1.27,17.3000,17.3000
2016-01-19 09:50:00,104,0,21.33,39.03,20.44,40.75,21.80,39.94,21.17,38.96,19.34,45.43,3.18,88.52,19.75,36.83,21.91,42.51,20.04,40.62,1.98,752.77,93.52,3.16,41.06,0.69,42.6191,42.6191
2016-01-19 10:00:00,45,0,21.64,39.02,20.11,39.75,22.27,39.34,20.89,39.63,19.41,47.80,3.14,88.30,20.26,36.55,21.72,41.34,19.87,41.10,1.94,757.82,93.30,5.72,35.76,0.60,16.7377,16.7377
2016-01-19 10:10:00,205,0,21.81,40.59,19.95,39.34,25.29,51.16,21.18,39.68,19.78,44.44,3.67,90.87,19.98,36.52,21.61,42.08,20.37,40.19,2.47,752.35,95.87,4.52,38.04,1.65,11.5763,11.5763
2016-01-19 10:20:00,45,0,21.69,40.99,20.48,39.13,21.93,39.02,21.12,39.96,19.30,47.66,3.29,91.59,19.76,36.22,21.72,41.93,20.30,41.96,2.09,752.55,96.59,5.62,42.65,1.41,41.6556,41.6556
2016-01-19 10:30:00,205,0,21.48,39.39,19.95,39.17,24.75,51.00,20.90,39.28,19.42,47.40,3.57,90.81,20.27,35.64,21.52,41.12,19.98,40.02,2.37,752.61,95.81,2.72,38.14,1.54,22.1657,22.1657
2016-01-19 10:40:00,45,0,21.43,40.23,20.08,40.54,21.94,40.18,20.96,39.50,19.38,47.95,2.80,90.79,19.88,36.57,21.95,41.37,20.15,40.28,1.60,757.36,95.79,4.66,43.88,0.76,46.0605,46.0605
2016-01-19 10:50:00,205,0,21.17,40.24,20.34,39.21,24.76,51.89,20.93,39.28,19.61,44.37,3.56,90.38,19.74,36.51,22.00,42.40,20.12,40.26,2.36,754.05,95.38,2.69,38.07,1.44,32.8794,32.8794
2016-01-19 11:00:00,45,0,21.84,39.30,19.95,40.62,21.91,39.78,20.80,39.56,19.70,46.27,2.83,90.96,19.93,35.29,21.82,42.26,20.10,41.60,1.63,754.43,95.96,2.99,43.24,0.83,35.0040,35.0040
2016-01-19 11:10:00,45,0,21.61,40.87,20.28,39.98,22.16,39.60,20.97,39.41,19.29,44.12,3.45,88.03,20.28,36.32,22.05,41.53,20.00,40.99,2.25,755.41,93.03,2.99,43.00,0.86,7.1833,7.1833
2016-01-19 11:20:00,45,0,21.34,39.37,20.33,39.09,22.11,39.52,21.26,39.29,19.62,44.59,3.52,90.17,20.08,36.03,21.51,41.76,19.97,40.06,2.32,757.64,95.17,3.01,38.50,1.35,38.9822,38.9822
2016-01-19 11:30:00,45,0,21.48,39.90,20.38,40.39,22.06,39.18,21.13,38.05,19.72,46.54,3.57,88.92,20.28,36.17,21.70,41.78,20.21,40.41,2.37,754.51,93.92,3.76,38.00,1.15,5.5009,5.5009
2016-01-19 11:40:00,45,0,21.55,40.06,20.46,39.89,22.23,39.20,21.12,39.82,19.57,47.32,3.15,90.28,19.74,35.78,22.08,41.83,19.88,41.85,1.95,754.13,95.28,5.32,37.21,1.01,41.4806,41.4806
2016-01-19 11:50:00,45,0,21.41,40.84,20.19,40.18,22.10,39.39,21.23,39.51,19.57,44.86,2.82,88.00,19.71,35.66,21.96,42.46,20.31,41.04,1.62,752.59,93.00,5.04,36.94,0.22,39.2867,39.2867
2016-01-19 12:00:00,45,0,21.35,40.18,20.35,39.52,22.19,39.96,21.27,38.47,19.46,46.24,3.60,90.41,20.05,36.77,22.07,41.82,19.93,40.11,2.40,755.36,95.41,5.83,40.70,1.48,28.0912,28.0912
2016-01-19 12:10:00,45,0,21.30,40.02,20.21,40.63,22.02,40.04,21.20,38.66,19.61,44.60,3.61,87.81,20.23,35.74,21.90,42.32,20.20,41.75,2.41,756.38,92.81,4.23,43.08,0.98,8.6248,8.6248
2016-01-19 12:20:00,45,0,21.27,39.49,20.03,39.87,22.01,39.19,21.02,38.60,19.77,45.69,3.85,89.96,20.24,36.28,21.80,42.22,20.04,40.65,2.65,757.41,94.96,5.16,36.11,1.64,27.4799,27.4799
2016-01-19 12:30:00,45,0,21.37,39.16,20.11,39.40,22.26,39.14,20.91,39.57,19.40,46.51,3.48,87.93,20.25,36.40,21.79,42.07,20.07,40.55,2.28,753.68,92.93,3.64,40.75,0.87,47.4145,47.4145
2016-01-19 12:40:00,45,0,21.84,39.86,20.09,39.24,22.15,38.74,21.07,38.99,19.35,44.90,3.14,89.14,20.07,35.71,21.69,42.54,20.27,40.87,1.94,757.82,94.14,3.85,43.87,0.77,43.5626,43.5626
2016-01-19 12:50:00,45,0,21.83,39.10,20.47,39.70,22.00,38.87,21.20,38.79,19.32,44.15,3.76,88.07,20.16,35.65,21.79,42.28,19.90,40.56,2.56,755.59,93.07,3.33,42.23,1.18,7.0601,7.0601
2016-01-19 13:00:00,45,0,21.23,39.76,20.23,40.14,22.01,39.01,21.09,38.10,19.25,46.54,3.52,88.16,20.00,35.07,21.50,41.41,20.35,41.11,2.32,756.47,93.16,3.57,41.63,0.95,4.4555,4.4555
2016-01-19 13:10:00,45,0,21.52,39.80,20.35,39.21,21.91,39.02,20.95,38.03,19.35,44.62,4.18,89.13,19.94,36.23,21.76,42.71,20.36,41.65,2.98,754.63,94.13,3.35,42.95,1.81,20.3392,20.3392
2016-01-19 13:20:00,45,0,21.84,40.71,20.08,40.15,21.76,39.88,21.13,39.64,19.41,45.78,4.12,87.27,20.08,36.37,21.98,41.73,19.83,41.96,2.92,752.29,92.27,3.66,37.06,1.38,43.2150,43.2150
2016-01-19 13:30:00,45,0,21.63,40.11,20.42,40.35,21.97,40.25,21.03,38.18,19.30,44.73,4.48,88.78,19.86,36.88,21.72,41.96,20.11,40.58,3.28,756.34,93.78,5.47,41.49,2.03,19.9804,19.9804
2016-01-19 13:40:00,45,0,21.17,40.56,20.24,40.14,21.76,39.51,20.97,38.75,19.24,46.29,4.08,86.93,20.11,35.60,21.98,42.21,19.90,40.41,2.88,756.99,91.93,5.41,43.30,1.27,5.8149,5.8149
2016-01-19 13:50:00,45,0,21.51,40.29,20.30,39.95,21.96,39.37,20.93,38.64,19.74,45.93,4.67,86.54,19.92,35.61,21.87,42.30,20.23,41.28,3.47,753.07,91.54,5.16,42.60,1.78,15.6840,15.6840
2016-01-19 14:00:00,45,0,21.43,40.13,20.47,40.45,22.20,39.03,21.07,39.80,19.49,47.79,4.86,85.33,20.12,35.60,21.57,41.42,20.16,40.93,3.66,754.82,90.33,4.22,38.36,1.72,48.7172,48.7172
2016-01-19 14:10:00,45,0,21.79,40.53,20.27,39.53,22.10,40.14,21.10,39.39,19.49,44.69,4.66,83.57,20.27,35.94,21.80,41.80,19.86,40.69,3.46,757.70,88.57,4.75,39.62,1.18,32.1116,32.1116
2016-01-19 14:20:00,45,0,21.40,39.43,20.30,39.30,22.22,39.57,21.28,38.70,19.21,47.10,4.86,84.59,20.15,36.57,22.00,41.97,20.16,41.67,3.66,752.57,89.59,4.37,43.76,1.58,18.3820,18.3820
2016-01-19 14:30:00,45,0,21.52,40.82,20.28,39.24,21.82,38.84,20.83,39.47,19.67,46.55,4.77,84.75,19.97,35.60,21.78,41.50,20.28,41.99,3.57,754.41,89.75,3.04,43.98,1.52,22.3402,22.3402
2016-01-19 14:40:00,45,0,21.75,40.64,20.05,39.58,22.03,39.93,21.04,39.99,19.51,44.87,5.12,82.62,20.26,35.75,21.96,41.07,20.08,40.38,3.92,757.87,87.62,4.84,39.89,1.45,40.5830,40.5830
2016-01-19 14:50:00,45,0,21.13,39.21,20.35,40.88,21.98,40.08,20.86,38.07,19.53,46.80,4.65,81.37,19.81,36.06,21.69,41.20,20.34,40.31,3.45,754.09,86.37,4.87,41.59,0.73,36.9645,36.9645
2016-01-19 15:00:00,45,0,21.57,39.89,20.31,39.71,21.82,39.36,21.30,38.74,19.60,45.42,5.07,83.74,20.02,35.82,21.79,41.91,19.88,41.08,3.87,753.42,88.74,4.42,42.91,1.61,13.9644,13.9644
2016-01-19 15:10:00,45,0,21.59,39.15,20.01,40.21,22.25,39.12,21.00,38.62,19.57,45.73,4.94,80.78,20.21,36.85,21.69,42.42,20.24,40.83,3.74,756.81,85.78,5.37,42.53,0.89,37.8940,37.8940
2016-01-19 15:20:00,45,0,21.71,40.95,20.30,40.33,22.25,39.85,20.84,38.73,19.58,47.37,5.89,83.14,20.04,35.31,21.99,42.03,20.38,40.69,4.69,753.61,88.14,5.87,36.96,2.32,46.5320,46.5320
2016-01-19 15:30:00,45,0,21.67,40.60,19.98,40.01,22.16,39.28,21.26,38.21,19.69,46.69,5.84,79.69,20.27,36.59,21.60,41.53,20.19,40.64,4.64,756.38,84.69,5.33,44.46,1.58,8.6352,8.6352
2016-01-19 15:40:00,45,0,21.74,39.29,20.10,40.24,21.88,40.45,21.16,38.90,19.36,46.52,5.71,81.82,19.93,35.74,21.63,41.75,20.29,40.56,4.51,755.51,86.82,5.26,40.47,1.87,45.3776,45.3776
2016-01-19 15:50:00,45,0,21.82,39.69,20.03,40.84,21.81,40.43,21.11,38.29,19.32,47.30,5.61,77.90,20.09,35.20,21.86,41.89,20.37,40.86,4.41,756.63,82.90,4.36,43.50,0.99,15.4436,15.4436
2016-01-19 16:00:00,45,0,21.41,39.27,19.92,39.15,22.10,38.99,20.85,38.53,19.24,44.39,5.76,80.00,19.81,35.34,21.62,41.78,19.92,41.02,4.56,753.68,85.00,4.24,35.80,1.56,43.1656,43.1656
2016-01-19 16:10:00,45,0,21.89,40.32,20.19,39.22,22.03,40.05,20.93,39.48,19.42,45.93,6.23,77.41,20.09,36.38,21.54,41.83,20.38,41.00,5.03,757.45,82.41,2.66,40.73,1.51,3.0062,3.0062
2016-01-19 16:20:00,45,0,21.50,40.63,20.03,39.45,22.20,38.82,21.21,39.31,19.68,45.03,6.55,78.99,19.96,35.60,21.85,41.17,19.82,41.44,5.35,754.37,83.99,2.67,38.00,2.15,33.8649,33.8649
2016-01-19 16:30:00,45,0,21.56,40.93,20.33,40.50,22.09,38.96,20.78,39.63,19.80,46.82,6.41,77.68,20.06,36.37,21.57,41.14,20.32,41.12,5.21,754.32,82.68,5.69,42.96,1.75,5.7924,5.7924
2016-01-19 16:40:00,45,0,21.32,39.24,20.10,39.49,22.06,39.78,20.94,38.28,19.72,47.81,6.75,76.49,19.94,35.01,21.60,41.85,20.24,41.51,5.55,755.48,81.49,4.13,35.11,1.85,27.4193,27.4193
2016-01-19 16:50:00,45,0,21.84,39.46,20.36,39.74,21.84,39.51,20.88,39.36,19.57,44.33,7.04,75.12,19.94,35.90,22.03,41.65,19.85,40.62,5.84,753.66,80.12,2.54,43.65,1.86,45.0773,45.0773
2016-01-19 17:00:00,45,0,21.23,39.16,19.93,40.62,21.75,40.32,20.85,38.17,19.40,46.05,7.08,73.87,20.08,36.41,21.84,41.02,19.93,41.62,5.88,756.14,78.87,3.71,35.26,1.65,42.3915,42.3915
2016-01-19 17:10:00,45,0,21.25,39.69,20.20,40.82,22.24,39.11,20.78,39.82,19.62,44.02,7.33,74.32,19.76,35.78,21.82,41.46,20.18,41.11,6.13,754.96,79.32,5.50,41.99,1.99,16.3965,16.3965
2016-01-19 17:20:00,45,0,21.77,39.92,20.42,39.87,21.74,39.28,20.83,38.65,19.77,47.37,7.29,73.23,20.26,36.60,21.77,42.27,20.31,41.69,6.09,753.55,78.23,5.15,39.54,1.73,31.6745,31.6745
2016-01-19 17:30:00,45,0,21.44,40.66,20.34,39.67,22.15,39.50,21.29,39.99,19.40,47.12,7.69,71.99,19.88,35.56,21.82,41.09,19.98,41.75,6.49,753.37,76.99,3.12,40.80,1.89,22.0619,22.0619
2016-01-19 17:40:00,45,0,21.79,40.69,20.00,39.10,22.06,40.20,21.23,38.72,19.55,47.56,8.20,73.77,20.18,35.83,21.57,41.22,20.09,41.99,7.00,755.25,78.77,5.97,38.87,2.75,23.6875,23.6875
2016-01-19 17:50:00,45,0,21.47,40.02,20.37,39.30,21.93,39.65,20.88,38.68,19.77,46.72,7.87,71.55,20.15,36.16,21.87,41.52,20.21,41.06,6.67,753.74,76.55,5.10,39.18,1.98,17.7460,17.7460
2016-01-19 18:00:00,259,30,21.84,50.91,20.33,39.82,21.83,38.76,20.95,39.10,19.22,47.07,8.15,72.49,19.97,35.88,21.77,42.19,20.08,41.51,6.95,754.27,77.49,4.57,40.97,2.45,10.8458,10.8458
2016-01-19 18:10:00,230,30,21.70,50.52,20.17,40.34,21.75,40.39,21.16,39.98,19.27,46.22,8.73,69.07,19.95,35.37,21.98,41.81,20.38,41.31,7.53,753.34,74.07,4.14,36.84,2.34,9.0604,9.0604
2016-01-19 18:20:00,241,30,21.59,50.86,20.05,39.76,22.17,40.13,21.23,39.67,19.77,45.51,8.30,70.61,20.29,35.52,21.64,42.83,20.04,40.69,7.10,756.66,75.61,2.68,36.43,2.22,7.2647,7.2647
2016-01-19 18:30:00,255,30,21.50,49.48,20.33,39.10,22.17,40.22,20.86,39.06,19.70,45.35,8.77,68.83,20.02,36.56,21.70,41.21,20.38,41.26,7.57,756.67,73.83,4.60,35.90,2.33,37.7041,37.7041
2016-01-19 18:40:00,271,30,21.74,49.65,20.48,39.82,22.30,40.44,20.92,39.60,19.49,47.44,8.40,67.33,20.27,36.10,21.88,41.89,20.04,41.36,7.20,754.10,72.33,3.59,36.43,1.67,3.0181,3.0181
2016-01-19 18:50:00,277,30,21.82,49.19,20.48,40.81,22.04,40.43,21.25,39.90,19.67,46.65,9.50,66.75,20.02,35.94,21.81,41.97,20.35,41.04,8.30,753.49,71.75,2.76,39.81,2.65,10.7432,10.7432
2016-01-19 19:00:00,226,30,21.24,50.63,20.18,40.33,21.88,39.35,20.84,39.52,19.53,46.03,8.78,68.71,19.98,35.04,21.55,41.08,20.12,40.62,7.58,756.83,73.71,4.49,42.97,2.32,33.8692,33.8692
2016-01-19 19:10:00,246,30,21.68,49.98,20.08,40.89,21.87,39.50,20.78,39.73,19.24,47.47,8.87,67.66,19.86,35.83,22.02,41.64,20.24,41.56,7.67,756.38,72.66,4.80,35.04,2.20,18.0646,18.0646
2016-01-19 19:20:00,277,30,21.68,49.11,20.22,40.53,22.03,40.38,20.81,38.03,19.78,46.03,9.67,66.19,20.00,36.80,21.91,41.43,20.12,41.29,8.47,753.65,71.19,5.39,37.30,2.71,21.4597,21.4597
2016-01-19 19:30:00,377,30,21.49,49.54,20.30,39.68,25.07,51.42,20.76,38.09,19.26,45.73,10.00,65.21,20.07,36.69,21.79,41.26,20.17,40.70,8.80,757.87,70.21,3.04,36.35,2.84,28.4299,28.4299
2016-01-19 19:40:00,230,30,21.66,50.94,20.17,39.01,22.09,38.90,20.99,38.68,19.30,47.64,10.12,63.98,19.91,36.93,21.88,41.74,19.99,40.25,8.92,756.34,68.98,3.73,37.38,2.71,21.6091,21.6091
2016-01-19 19:50:00,388,30,21.73,49.67,20.46,39.61,25.30,52.43,21.25,38.60,19.69,47.31,10.01,64.64,20.05,35.32,21.58,42.20,20.11,41.09,8.81,753.69,69.64,3.08,35.19,2.73,34.2688,34.2688
2016-01-19 20:00:00,252,30,21.29,50.85,20.16,40.58,21.99,40.26,20.85,38.38,19.38,46.52,10.18,66.20,19.91,35.61,22.04,42.04,19.90,41.95,8.98,757.81,71.20,5.70,42.28,3.22,19.0668,19.0668
2016-01-19 20:10:00,214,30,21.79,50.30,20.40,40.23,22.04,40.03,20.84,39.86,19.59,46.56,9.99,63.57,19.78,35.94,22.02,42.92,20.18,41.44,8.79,756.27,68.57,3.58,43.94,2.50,28.2460,28.2460
2016-01-19 20:20:00,286,30,21.80,49.81,20.32,40.94,22.20,38.75,20.86,38.31,19.22,45.65,9.83,64.31,20.06,35.11,21.96,42.44,19.96,41.66,8.63,754.90,69.31,4.17,36.27,2.49,47.7780,47.7780
2016-01-19 20:30:00,292,30,21.47,50.64,20.14,40.82,21.86,40.42,20.90,39.14,19.67,47.52,10.55,61.69,20.08,36.04,21.58,42.22,19.93,41.96,9.35,753.45,66.69,5.80,36.14,2.69,30.3193,30.3193
2016-01-19 20:40:00,251,30,21.77,50.93,20.29,39.65,21.95,39.33,21.12,39.58,19.68,44.33,10.25,63.92,19.91,36.73,21.51,41.34,20.06,41.83,9.05,752.98,68.92,4.51,41.37,2.83,36.6042,36.6042
2016-01-19 20:50:00,287,30,21.55,50.15,20.32,40.27,21.96,40.18,20.94,39.73,19.59,45.20,10.85,61.96,19.97,35.98,22.01,42.41,19.99,41.32,9.65,752.06,66.96,5.02,36.43,3.04,3.5199,3.5199
2016-01-19 21:00:00,277,30,21.66,39.12,20.16,40.90,22.19,39.04,21.04,39.24,19.38,44.92,10.34,61.00,20.04,36.17,21.67,42.71,20.24,41.34,9.14,754.40,66.00,4.22,36.44,2.34,42.5261,42.5261
2016-01-19 21:10:00,252,30,21.26,40.65,20.40,39.20,21.83,38.54,20.99,38.55,19.35,47.59,10.94,60.39,20.11,35.10,22.09,41.85,19.86,40.36,9.74,754.81,65.39,4.93,38.34,2.82,15.0698,15.0698
2016-01-19 21:20:00,235,30,21.23,39.48,20.11,39.65,21.74,38.60,20.85,38.26,19.26,44.11,10.58,61.94,20.13,35.73,21.71,42.07,20.10,41.61,9.38,755.23,66.94,3.17,43.19,2.77,46.8891,46.8891
2016-01-19 21:30:00,272,30,21.64,40.89,20.14,39.14,22.06,38.81,21.19,39.71,19.28,44.93,11.39,59.35,20.18,35.07,21.79,42.03,20.15,41.69,10.19,752.91,64.35,5.63,43.18,3.06,40.4702,40.4702
2016-01-19 21:40:00,224,30,21.35,40.92,20.46,40.95,22.07,40.25,20.77,39.38,19.71,45.26,11.34,62.52,20.00,35.24,22.06,41.86,19.94,41.92,10.14,754.10,67.52,5.10,42.29,3.65,31.3266,31.3266
2016-01-19 21:50:00,244,30,21.21,40.70,20.30,40.75,22.09,40.28,21.13,38.47,19.28,47.50,10.79,59.68,19.70,35.87,21.54,41.08,19.89,40.63,9.59,757.04,64.68,4.01,42.45,2.53,27.9941,27.9941
2016-01-19 22:00:00,45,0,21.34,40.37,20.32,39.84,22.25,39.51,21.15,39.19,19.27,44.31,11.37,61.18,19.87,36.51,21.94,42.70,20.24,41.20,10.17,754.52,66.18,4.06,43.77,3.41,24.3084,24.3084
2016-01-19 22:10:00,45,0,21.74,40.79,20.29,39.77,21.85,39.55,20.94,39.02,19.62,46.94,11.12,60.36,19.75,36.63,21.71,41.84,20.16,41.99,9.92,752.59,65.36,4.58,35.38,2.99,31.1301,31.1301
2016-01-19 22:20:00,45,0,21.23,39.96,20.21,39.02,22.27,39.93,20.79,38.00,19.58,46.22,11.30,59.76,20.10,36.89,21.67,41.31,19.92,40.42,10.10,757.96,64.76,5.16,40.36,3.05,21.1588,21.1588
2016-01-19 22:30:00,45,0,21.53,39.10,20.14,39.89,22.23,40.02,21.05,39.98,19.42,46.57,10.68,60.19,19.91,35.57,21.83,41.82,20.34,40.52,9.48,756.36,65.19,4.99,35.29,2.52,24.0787,24.0787
2016-01-19 22:40:00,45,0,21.40,40.74,20.10,39.98,21.76,39.35,20.91,38.09,19.60,47.18,11.25,61.83,20.19,35.41,21.68,42.85,19.85,40.10,10.05,754.27,66.83,4.30,39.18,3.42,31.0392,31.0392
2016-01-19 22:50:00,45,0,21.52,40.92,20.16,40.52,21.83,40.04,21.12,38.96,19.35,46.71,11.14,60.37,19.76,35.99,21.83,41.22,20.27,41.68,9.94,752.88,65.37,5.02,36.35,3.01,6.1711,6.1711
2016-01-19 23:00:00,45,0,21.63,39.28,20.12,40.64,21.90,38.55,20.73,38.68,19.55,44.13,10.98,59.92,20.30,36.44,21.90,42.17,20.13,40.42,9.78,752.92,64.92,5.48,36.44,2.77,41.6385,41.6385
2016-01-19 23:10:00,45,0,21.18,39.43,20.02,40.59,21.87,39.55,21.16,38.12,19.22,44.32,11.10,59.85,19.83,35.31,21.68,42.87,20.39,40.98,9.90,755.12,64.85,4.17,38.10,2.87,47.7356,47.7356
2016-01-19 23:20:00,45,0,21.89,39.83,20.13,40.02,22.00,38.89,20.76,39.21,19.43,44.58,10.96,59.81,19.79,36.56,21.88,41.11,19.90,40.50,9.76,755.41,64.81,5.87,39.13,2.72,7.2227,7.2227
2016-01-19 23:30:00,45,0,21.78,40.91,20.01,39.16,21.92,39.63,20.73,38.52,19.75,47.40,11.56,59.28,19.80,36.72,22.03,41.02,19.84,40.81,10.36,754.23,64.28,5.10,39.52,3.22,3.0853,3.0853
2016-01-19 23:40:00,45,0,21.54,40.54,20.19,40.23,22.05,39.26,20.82,38.17,19.28,45.56,11.18,58.69,19.89,36.10,21.99,42.72,19.98,40.31,9.98,753.08,63.69,4.53,39.88,2.72,7.9479,7.9479
2016-01-19 23:50:00,45,0,21.41,40.45,20.05,39.92,21.98,39.10,20.72,39.89,19.70,47.49,11.40,59.39,20.25,35.06,21.59,42.36,20.18,41.62,10.20,755.33,64.39,3.38,40.44,3.08,45.1642,45.1642
2016-01-20 00:00:00,50,0,21.17,39.53,20.46,40.58,22.22,39.64,21.15,39.66,19.69,47.22,11.35,60.93,20.07,36.47,22.01,41.76,20.19,41.20,10.15,753.49,65.93,4.51,35.06,3.34,43.6428,43.6428
2016-01-20 00:10:00,48,0,21.28,39.16,19.96,40.51,22.01,38.72,21.21,39.71,19.58,45.25,10.92,60.90,20.27,35.68,21.55,42.41,19.89,41.27,9.72,756.66,65.90,3.51,44.69,2.90,22.3568,22.3568
2016-01-20 00:20:00,42,0,21.70,40.58,20.38,40.81,21.97,39.09,21.19,38.92,19.33,44.09,10.46,60.15,19.76,36.62,21.71,42.82,19.96,40.95,9.26,752.23,65.15,3.76,35.01,2.29,46.4256,46.4256
2016-01-20 00:30:00,42,0,21.31,39.44,20.41,40.87,21.86,39.74,21.05,39.84,19.52,44.01,10.72,63.05,20.27,35.49,21.56,41.46,20.25,42.00,9.52,755.60,68.05,5.27,39.55,3.13,14.8687,14.8687
2016-01-20 00:40:00,41,0,21.23,40.52,20.17,39.47,21.74,39.79,20.73,38.98,19.77,44.97,10.96,63.26,20.11,35.07,21.52,42.07,20.04,40.66,9.76,752.42,68.26,5.42,35.17,3.41,20.5362,20.5362
2016-01-20 00:50:00,53,0,21.45,40.90,20.14,40.20,22.23,39.26,21.08,39.17,19.51,45.09,10.57,61.28,19.85,35.14,21.51,42.30,20.04,40.21,9.37,754.33,66.28,3.51,35.61,2.63,48.4349,48.4349
